Hours,contact_100dry,20cm_100dry,40cm_100dry,60cm_100dry,contact_100wet,20cm_100wet,40cm_100wet,60cm_100wet
0.00,944,31.8,30.5,30.1,345,15.3,44.1,21.43740982
0.02,988.5,31.8,30.6,30.1,342.2666667,17.3,44.6,23.5638244
0.03,1008.3,32,30.6,30.1,407.7,17.3,44.7,23.3638244
0.05,1006.45,32,30.8,30.1,670.7,75.05,44.7,24.61412982
0.07,986.7,32.3,30.8,30.1,717,19,44.8,28.99776935
0.08,969.15,32.2,26.1,25.45,842.4,61.6,44.7,24.39654913
0.10,936.9,32.7,25.15,26.55,911.5666667,42.5,44.7,20.82172396
0.12,875.9,32.9,26.75,25.05,934.5333333,40.15,44.8,19.00274987
0.13,852.7,32.7,27.15,25.05,948.3333333,40.5,44.9,19.76407018
0.15,841.15,33.2,27.05,25.05,955.8,33.6,33.25,22.75156857
0.17,833.05,33.1,27.25,25.05,956.6666667,33.55,33.35,23.01902045
0.18,825.05,33.4,27.3,25.05,961.8,33.85,33.45,22.35079238
0.20,819.9,33.3,27.15,25.05,961.1333333,36.9,33.55,23.27610416
0.22,813.65,33.6,27.5,25.1,964.4666667,34.85,33.6,23.80407648
0.23,809.05,33.5,27.5,25.15,967.4666667,31.95,33.65,23.85310568
0.25,804.35,33.5,27.9,25.25,966.6333333,34.55,33.55,23.55440228
0.27,799.65,33.6,28.4,25.2,964.9333333,37.5,33.7,23.42106895
0.28,795.5,34.1,28,25.25,962.9333333,35.75,33.7,23.40472921
0.30,790.5,33.9,27.45,25.2,959,40.05,33.75,23.25440228
0.32,786.55,34,27.4,25.25,957.9666667,73.2,33.75,23.33676154
0.33,782.3,34,27.5,25.25,954.4333333,76.2,33.95,23.10472921
0.35,777.8,34.2,27.45,25.3,950.2666667,42.3,34,22.839382
0.37,774.15,34.2,27.5,25.3,946.8,43.1,34,23.25310568
0.38,769.9,34.4,27.55,25.3,945.5666667,42.35,34.1,23.25310568
0.40,765.9,34.5,27.45,25.35,944.2666667,40.5,34.4,23.15310568
0.42,762.4,34.6,27.6,25.4,941.2666667,41.95,34.55,23.16945087
0.43,758.35,34.8,27.7,25.45,938.4333333,42.15,34.55,23.08643901
0.45,754.7,34.9,27.65,25.45,935.3333333,43.45,34.75,23.08643901
0.47,751.15,35,27.65,25.55,932.2333333,43.85,34.9,23.01977234
0.48,747.35,35.3,27.8,25.55,929.3333333,43.85,35,23.05310568
0.50,743.7,35.3,27.75,25.6,925.8666667,43.6,35,22.97009487
0.52,740.45,35.7,27.9,25.65,922.7333333,44.15,35.1,22.93676154
0.53,736.85,36,27.95,25.65,919.3666667,44.4,35.15,22.97009487
0.55,733.4,36.3,28.15,25.75,915.8333333,44.15,35.3,22.8537518
0.57,730.1,36.5,28.2,25.75,912.4666667,44.85,35.25,22.8537518
0.58,726.7,37.1,28.1,25.85,908.8333333,44.4,35.35,22.77074315
0.60,724.15,37.1,28.2,25.85,905.6,44.15,35.55,22.72106895
0.62,720.95,37.4,28.3,25.85,902.4333333,43.15,35.55,22.67074315
0.63,717.9,37.8,28.3,25.95,898.7,43.75,35.6,22.62106895
0.65,714.6,38.2,28.35,25.95,895.0666667,44,35.65,22.53806254
0.67,711.6,38.7,28.4,26,891.4333333,44.3,35.8,22.57139588
0.68,708.45,39.2,28.45,26,888.0666667,44.25,35.85,22.50472921
0.70,705.4,39.7,28.4,26.05,884.1333333,44.8,36,22.47139588
0.72,702.2,40.2,28.5,26,880.3333333,45.1,36.1,22.47139588
0.73,699.05,40.8,28.5,26.1,876.5,45.45,36.2,22.40472921
0.75,696,41.4,28.45,26.1,872.2,46,36.35,22.38839062
0.77,693.1,42,28.6,26.2,868.4333333,46.1,36.4,22.38839062
0.78,690.25,42.6,28.65,26.2,864.5333333,47.1,36.5,22.35505729
0.80,687.35,43.3,28.7,26.25,860.6,47.05,36.6,22.32172396
0.82,684.3,44.1,28.7,26.25,856.6666667,48.35,36.75,22.30538655
0.83,681.55,44.8,28.55,26.25,852.7,48.7,36.8,22.22238366
0.85,678.65,45.6,28.55,26.25,848.9,49.4,36.9,22.27205321
0.87,676.15,46.4,28.6,26.3,845,49.15,36.95,22.27205321
0.88,673.35,47.2,28.75,26.35,841.0333333,49.4,37.05,22.22238366
0.90,670.65,47.9,28.85,26.4,837.1666667,49.3,37.15,22.18905033
0.92,667.85,48.7,28.95,26.4,833.0666667,51.1,37.2,22.22238366
0.93,665.35,49.6,28.85,26.4,829.3,51.65,37.3,22.155717
0.95,662.6,50.4,29,26.45,825.4666667,51.65,37.4,22.08905033
0.97,659.15,51.3,29,26.5,821.6666667,51.5,37.45,22.139382
0.98,656.9,52,28.95,26.5,818,52.55,37.6,22.139382
1.00,653.95,52.8,28.95,26.5,814.1,52.9,37.65,22.139382
1.02,652.1,53.6,28.9,26.5,810.6333333,52.1,37.75,22.139382
1.03,650.1,54.7,29.2,26.55,806.8333333,53.2,37.9,22.139382
1.05,647.75,55.2,29.3,26.55,802.7666667,52.45,37.95,22.10604867
1.07,644.85,55.8,29.1,26.55,799.2666667,57.4,38,22.05638158
1.08,642.25,56.5,29.2,26.65,795.3333333,60.6,38.05,22.05638158
1.10,639.7,57.2,28.8,26.55,792.0333333,60.2,38.15,21.98971491
1.12,637.25,57.9,29.45,26.65,788.2,61.9,38.25,21.95638158
1.13,634.95,58.5,29.45,26.65,784.5333333,63.4,38.25,21.92304824
1.15,632.5,59.2,29.6,26.7,781.0333333,64.25,38.45,21.88971491
1.17,630.15,59.8,29.8,26.7,777.4666667,64.4,38.5,21.85638158
1.18,627.6,60.4,29.8,26.7,773.9,65.5,38.7,21.77338242
1.20,625.1,61.1,29.75,26.7,770.3,65.9,38.85,21.80671575
1.22,622.5,61.7,30,26.75,766.8,66.95,39,21.90671575
1.23,620.5,62.3,29.95,26.8,763.1,66.7,39.1,21.77338242
1.25,617.95,62.8,30.1,26.85,759.6666667,68.8,39.2,21.80671575
1.27,615.65,63.4,30,26.8,756.5666667,68.3,39.35,21.90671575
1.28,613.4,63.9,30.4,26.85,753.0666667,69.1,39.55,21.90671575
1.30,610.9,64.4,30.35,26.85,749.2,71.6,39.6,21.79038454
1.32,608.5,64.9,30.05,26.95,745.8666667,72.5,39.75,21.79038454
1.33,606.35,65.4,29.7,26.85,742.8333333,72.8,39.9,21.79038454
1.35,604.15,65.9,30.4,26.9,739.5,73.25,40.05,21.79038454
1.37,601.75,66.3,30.45,26.9,736.2333333,73.2,40.25,21.85705121
1.38,599.65,66.7,30.6,26.9,732.9333333,74.25,40.35,21.85705121
1.40,597.75,67.1,30.75,26.95,729.6666667,74.65,40.55,21.80738798
1.42,594.9,67.4,30.85,27,726.3666667,75.4,40.65,21.69105942
1.43,592.4,67.8,30.8,27,723.3,76.4,40.75,21.69105942
1.45,590.25,67.9,30.9,27,720.2333333,77.1,40.95,21.64139888
1.47,588,68.4,30.95,27.05,717.0666667,77.45,41,21.67473221
1.48,586,68.8,31,27.05,713.8333333,78.25,41.2,21.67473221
1.50,584.1,69,31.05,27.1,710.8,78.8,41.2,21.67473221
1.52,581.8,69.3,31.2,27.15,707.6,79.55,41.4,21.67473221
1.53,579.1,69.6,31.25,27.15,704.4666667,79.65,41.5,21.67473221
1.55,577.4,69.8,31.3,27.15,701.3333333,80.05,41.6,21.69105942
1.57,575.4,70.1,31.3,27.15,698.3,81.15,41.7,21.72439275
1.58,573.2,70.2,31.3,27.15,695.3,82.05,41.8,21.80738798
1.60,571.05,70.4,31.25,27.15,692.1666667,82.8,41.9,21.80738798
1.62,569.1,70.6,31.15,27.15,689.0333333,83.15,42,21.84072131
1.63,567.1,70.8,31.05,27.15,686.1,84.15,42.1,21.80738798
1.65,565.05,70.9,31.25,27.15,682.9333333,84.8,42.25,21.80738798
1.67,562.7,71.2,31.2,27.2,680.0666667,84.45,42.35,21.84072131
1.68,561.1,71.2,31,27.1,677.0666667,85.35,42.45,21.80738798
1.70,558.65,71.5,31.45,27.2,674.1666667,84.7,42.6,21.84072131
1.72,556.7,71.6,31.35,27.2,671.2333333,84.65,42.7,21.75772608
1.73,554.8,71.7,31.5,27.2,668.3333333,85.7,42.7,21.85772608
1.75,552.7,71.9,31.6,27.25,665.4,88.45,42.85,21.84139888
1.77,551.6,71.9,31.5,27.25,662.6333333,87.85,43,21.92439275
1.78,549.65,72,31.6,27.2,659.7666667,87.55,43.05,21.84139888
1.80,547.35,72.2,31.75,27.25,657.0333333,86.55,43.15,21.84139888
1.82,545.15,72.3,31.7,27.3,654.2666667,88.6,43.25,21.87473221
1.83,542.05,72.4,31.6,27.25,651.3,88.25,43.3,21.84139888
1.85,540.9,72.5,31.75,27.25,648.5333333,88.9,43.4,21.75840639
1.87,538.6,72.6,31.6,27.25,645.8,88.8,43.55,21.87473221
1.88,536.15,72.8,31.7,27.25,643,89.15,43.65,21.79173973
1.90,534.65,72.9,31.8,27.35,640.1666667,88.55,43.75,21.87473221
1.92,533.05,72.7,31.7,27.35,637.6333333,89.25,43.85,21.85840639
1.93,530.75,73.1,31.9,27.35,634.8333333,88.9,43.9,21.82507306
1.95,529.4,73,31.95,27.4,632.2,89.4,43.95,21.82507306
1.97,527.55,73.1,31.95,27.4,629.4333333,89.35,44,21.82507306
1.98,525.55,73.2,32,27.4,626.8,89.3,44.1,21.89173973
2.00,524.7,73.2,32.05,27.4,624.1,89.3,44.15,21.85840639
2.02,521.45,73.3,31.95,27.45,621.5666667,90.9,44.2,21.90806555
2.03,520.2,73.3,31.7,27.4,618.7666667,89.9,44.25,21.87473221
2.05,518.25,73.3,32.1,27.45,616.1333333,89.85,44.35,21.87473221
2.07,515.65,73.3,32.1,27.45,613.5,90.05,44.35,21.87473221
2.08,514.75,73.5,32.1,27.45,610.9333333,90.3,44.4,21.87473221
2.10,512.4,73.6,32.2,27.5,608.3333333,90.25,44.45,21.90806555
2.12,511,73.5,32.2,27.5,605.7666667,89.9,44.5,21.90806555
2.13,508.8,73.6,32.2,27.55,603.2666667,89.8,44.65,21.87541532
2.15,507.25,73.5,32.25,27.5,600.6666667,89.7,44.7,21.84208198
2.17,506.15,73.7,32.4,27.6,598.0333333,89.25,44.7,21.90874865
2.18,504.25,73.6,32.4,27.6,595.5,89.45,44.8,21.84208198
2.20,502.6,73.6,32.4,27.55,592.9333333,89.7,44.85,21.92507306
2.22,501.1,73.7,32.35,27.55,590.4333333,89.35,44.9,21.87541532
2.23,498,73.8,32.3,27.6,588.0333333,88.85,44.95,21.87541532
2.25,497.3,73.7,32.4,27.6,585.5,88.75,45,21.87541532
2.27,495.55,73.6,32.45,27.65,582.9666667,89.1,45,21.90874865
2.28,493.85,73.7,32.4,27.6,580.5333333,88.6,45.15,21.92507306
2.30,492.05,73.6,32.6,27.65,578.1,88.35,45.15,21.82575901
2.32,490.3,73.6,32.55,27.65,575.6333333,88.3,45.3,21.82575901
2.33,488.55,73.7,32.6,27.7,573.6666667,88.35,45.3,21.89242568
2.35,486.9,73.7,32.6,27.7,571.4,88.35,45.35,21.92575901
2.37,485.1,73.8,32.6,27.7,569.0333333,88.55,45.3,21.95840639
2.38,483.7,73.6,32.7,27.7,566.7,88.4,45.3,22.07473221
2.40,482.3,73.6,32.7,27.7,564.3333333,88.45,45.35,22.07473221
2.42,480.1,73.6,32.65,27.7,561.9666667,88.05,45.45,22.10806555
2.43,478.55,73.6,32.75,27.75,559.6333333,87.75,45.55,22.04139888
2.45,476.6,73.5,32.75,27.75,557.2666667,87.6,45.45,22.07473221
2.47,474.95,73.5,32.85,27.75,555.0333333,87.45,45.5,22.10806555
2.48,473.25,73.5,32.85,27.75,552.7666667,87.15,45.65,21.97541532
2.50,471.55,73.5,32.85,27.75,550.4333333,86.85,45.65,21.92575901
2.52,469.8,73.4,32.95,27.8,548.2333333,86.85,45.75,21.9094375
2.53,468.3,73.4,32.9,27.8,545.9,87.1,45.8,21.95909234
2.55,466.5,73.3,32.95,27.8,543.7333333,87,45.85,21.99242568
2.57,464.55,73.3,32.85,27.75,541.5,86.85,46,22.19105942
2.58,463,73.3,32.95,27.75,539.2333333,86.3,46.1,22.19105942
2.60,461.25,73.3,32.95,27.8,537,85.5,46.05,22.17473221
2.62,459.6,73.2,32.95,27.85,534.7666667,85.25,46.05,22.17473221
2.63,457.85,73.2,32.95,27.75,532.5666667,85.6,46.1,21.97610416
2.65,456.15,73.2,32.95,27.75,530.4333333,85.35,46.1,21.95978414
2.67,454.3,73.1,32.85,27.8,528.2,84.9,46.1,21.95978414
2.68,452.75,73,33,27.8,526.1,84.5,46.1,22.17541532
2.70,451.1,73,33,27.8,523.9333333,83.85,46.1,22.17541532
2.72,449.45,73,33.1,27.8,521.7333333,83.05,46.2,22.10874865
2.73,447.9,72.9,33.15,27.85,519.5666667,81.55,46.25,22.09242568
2.75,445.2,72.9,33.15,27.85,517.4666667,82.65,46.25,22.09242568
2.77,444.55,72.8,33.1,27.85,515.3666667,83.05,46.3,22.0094375
2.78,443.15,72.7,33.15,27.85,513.3333333,83.45,46.3,22.04277083
2.80,441.55,72.7,33.2,27.85,511.2666667,83.3,46.35,21.99311747
2.82,439.9,72.6,33.2,27.8,509.0666667,83.35,46.3,21.99311747
2.83,438.2,72.6,33.15,27.85,507,83.25,46.35,21.99311747
2.85,436.55,72.5,33.25,27.8,505,82.3,46.35,21.99311747
2.87,435.2,72.6,33.35,27.85,502.9,82.15,46.4,21.99311747
2.88,432.8,72.3,33.35,27.85,500.9333333,81.5,46.4,21.99311747
2.90,432.7,72.3,33.5,27.9,498.8,80.25,46.45,22.05978414
2.92,430.95,72.2,33.55,27.9,496.8666667,78.55,46.45,22.05978414
2.93,429.35,72.1,33.55,27.85,494.9,78.15,46.5,22.09311747
2.95,427.75,72.2,33.6,27.9,492.8666667,78.4,46.5,22.09311747
2.97,426.15,72.1,33.7,27.9,490.9333333,79.55,46.55,22.09311747
2.98,424.45,72,33.75,27.9,488.9333333,80.8,46.6,22.09311747
3.00,422.9,71.9,33.75,27.95,487,80.5,46.65,22.14277083
3.02,421.35,71.9,33.75,27.9,485,80.1,46.7,22.17610416
3.03,419.85,71.8,33.8,27.95,482.7333333,79.6,46.75,22.12645081
3.05,417.95,71.7,33.75,27.95,480.7333333,79.3,46.75,22.09311747
3.07,416.3,71.7,33.8,28,478.7666667,79.15,46.75,22.12645081
3.08,414.85,71.7,33.85,28,476.8333333,79.6,46.8,22.12645081
3.10,412.4,71.6,33.4,27.95,474.8666667,80.4,46.8,22.12645081
3.12,411.6,71.6,33.7,27.95,472.9,81.9,46.8,22.09311747
3.13,410.45,71.5,33.8,28,470.8666667,82.3,46.75,22.12645081
3.15,409.55,71.4,33.65,27.9,505.05,81.8,22.8,18.03967621
3.17,407.55,71.3,34,28.1,503,83.6,22.8,18.03967621
3.18,405.05,71.4,33.55,27.9,501,82.5,22.7,18.03967621
3.20,403.6,71.3,33.9,28,499,82.05,22.8,18.03967621
3.22,401.95,71.2,33.9,28,497.1,81.8,22.7,17.91519844
3.23,400.45,71.2,34,28,494.9,81.8,22.8,17.96519844
3.25,398.4,71.3,33.95,28.05,493,81.95,22.8,17.96519844
3.27,397.05,71.2,33.9,28.05,491.05,81.4,22.8,17.96519844
3.28,395.6,71.2,33.9,28.05,489.1,81.4,22.8,18.01519844
3.30,394.25,71.1,33.85,28.05,487.1,81.45,22.8,18.01519844
3.32,392.9,71,33.9,28.05,485.2,81.25,22.8,17.91519844
3.33,391.4,70.9,33.9,28.05,483.45,80.9,22.8,18.01519844
3.35,390.05,70.9,33.95,28.05,481.5,80.75,22.8,18.01519844
3.37,388.9,70.8,34,28.05,479.6,80.65,22.7,18.01519844
3.38,387.35,70.8,34,28.05,477.65,80.95,22.7,18.01519844
3.40,386,70.7,34,28.1,475.85,81,22.8,18.16415624
3.42,384.65,70.6,34.05,28.1,473.85,81,22.8,18.03967621
3.43,383.15,70.6,34.05,28.1,471.95,80.95,22.7,17.89072299
3.45,381.85,70.5,34.1,28.15,470.05,80.85,22.7,18.03967621
3.47,380.5,70.4,34.05,28.15,468.2,81.25,22.7,18.03967621
3.48,379.1,70.4,34.05,28.15,466.45,81.5,22.7,18.03967621
3.50,377.85,70.3,34.05,28.15,464.6,81.4,22.7,18.03967621
3.52,377.1,70.2,34.15,28.1,462.9,81.7,22.7,18.03967621
3.53,375.55,70.1,34.15,28.2,461.15,81.85,22.7,17.89072299
3.55,374.25,70.1,34.15,28.2,459.25,74.95,22.7,17.96519844
3.57,372.85,70.1,34.15,28.15,457.45,73.35,22.7,17.96519844
3.58,371.55,70,34.15,28.15,455.7,72.55,22.7,17.96519844
3.60,370.2,70,34.15,28.15,453.9,72.15,22.6,17.91519844
3.62,368.9,69.9,34.15,28.15,452.1,71.55,22.7,17.91519844
3.63,367.5,69.8,34.2,28.15,450.35,71.25,22.6,17.86519844
3.65,366.15,69.7,34.2,28.15,448.5,70.85,22.6,17.86519844
3.67,364.8,69.7,34.25,28.15,446.75,70.75,22.7,17.81519844
3.68,363.55,69.6,34.2,28.2,445.1,70.8,22.7,17.74072299
3.70,362.2,69.6,34.25,28.2,443.4,70.95,22.7,17.64072299
3.72,360.95,69.5,34.25,28.2,441.75,70.8,22.7,17.69072299
3.73,359.75,69.4,34.25,28.2,440,70.45,22.7,17.71519844
3.75,358.5,69.3,34.3,28.2,438.35,70.6,22.6,17.64072299
3.77,357.3,69.3,34.3,28.25,436.65,70.7,22.7,17.64072299
3.78,356.1,69.2,34.35,28.25,435,70.65,22.7,17.64072299
3.80,354.85,69.1,34.3,28.25,433.35,70.55,22.7,17.59072299
3.82,353.7,69,34.35,28.25,431.65,70.55,22.7,17.66519844
3.83,352.55,69,34.35,28.25,429.95,70.2,22.7,17.64072299
3.85,351.3,68.9,34.4,28.25,428.45,71,22.8,17.4917792
3.87,350.15,68.9,34.3,28.25,426.8,70.95,22.8,17.4417792
3.88,349.3,69.3,34.4,28.25,425.1,70.05,22.7,17.59072299
3.90,347.8,68.7,34.5,28.3,423.55,70.65,22.8,17.73967621
3.92,346.8,68.6,34.5,28.25,421.8,70.8,22.8,17.73967621
3.93,345.55,68.5,34.5,28.25,420.3,70.35,22.9,17.73967621
3.95,344.25,68.4,34.45,28.25,418.75,70.85,22.9,17.73967621
3.97,343.15,68.3,34.55,28.25,417.05,70.8,22.9,17.73967621
3.98,342.05,68.3,34.55,28.3,415.5,70.65,22.9,17.66519844
4.00,340.7,68.2,34.55,28.3,414,70.65,22.9,17.66519844
4.02,339.7,68.1,34.55,28.3,412.35,70.9,22.9,17.66519844
4.03,338.45,68.1,34.55,28.3,410.85,71.1,23,17.66519844
4.05,337.15,68,34.6,28.3,409.35,71,23,17.66519844
4.07,335.85,67.9,34.65,28.35,407.85,70.8,23,17.66519844
4.08,334.8,67.8,34.65,28.35,406.25,71.2,23,17.66519844
4.10,333.65,67.8,34.65,28.35,404.75,70.9,23,17.66519844
4.12,332.55,67.7,34.7,28.3,403.35,70.85,23,17.66519844
4.13,331.5,67.6,34.7,28.3,401.7,71.2,23,17.66519844
4.15,330.3,67.5,34.75,28.35,400.25,71.2,23.1,17.66519844
4.17,329.4,67.4,34.75,28.35,398.8,71.4,23.1,17.66519844
4.18,328.1,67.4,34.7,28.35,397.25,71.3,23,17.66519844
4.20,327,67.3,34.65,28.35,395.8,71.05,23.1,17.66519844
4.22,325.95,67.2,34.7,28.35,394.4,71.1,23.2,17.66519844
4.23,324.85,67.1,34.7,28.35,393,71.3,23.4,17.66519844
4.25,323.7,67,34.7,28.4,391.45,71.85,23.5,17.66519844
4.27,322.6,67,34.7,28.4,390.15,71.5,23.7,17.66519844
4.28,321.55,66.9,34.75,28.4,388.55,71.8,23.9,17.66519844
4.30,320.5,66.7,34.7,28.4,387.3,70.8,24.1,17.71519844
4.32,319.35,66.8,34.75,28.4,385.85,70.95,24.4,17.71519844
4.33,318.25,66.7,34.75,28.35,384.5,71.25,24.5,17.71519844
4.35,317.35,66.6,34.7,28.4,383,71.6,24.8,17.66519844
4.37,316.2,66.5,34.65,28.35,381.65,71.4,24.9,17.66519844
4.38,315.35,66.4,34.7,28.4,380.2,70.85,25,17.66519844
4.40,314.25,66.3,34.75,28.35,378.85,70.75,25.2,17.71519844
4.42,313.2,66.3,34.75,28.3,377.4,70.9,25.2,17.66519844
4.43,312.05,66.2,34.75,28.25,376,70.85,25.2,17.66519844
4.45,311,66.1,34.75,28.25,374.65,70.65,25.2,17.66519844
4.47,310,66.1,34.8,28.2,373.25,70.8,25.2,17.66519844
4.48,309,66,34.75,28.2,372.1,70.95,25.2,17.66519844
4.50,308.05,66,34.85,28.15,370.65,71.45,25.2,17.66519844
4.52,307,65.8,34.9,28.15,369.05,71.85,25.2,17.66519844
4.53,306.05,65.8,34.75,28.15,368.1,70.95,25.2,17.59072299
4.55,305.1,65.7,35.1,28.15,366.8,71.4,25.2,17.59072299
4.57,303.9,65.6,35.15,28.15,365.55,71.3,25.2,17.64072299
4.58,302.8,65.5,35.2,28.15,364.2,71.45,25.2,17.36731094
4.60,301.85,65.4,35.3,28.2,363,71.5,25.2,17.59072299
4.62,300.95,65.3,35.35,28.2,361.8,71.6,25.2,17.64072299
4.63,299.9,65.3,35.45,28.25,360.45,73,25.1,17.64072299
4.65,298.9,65.2,35.55,28.25,359.05,72.7,25.1,17.64072299
4.67,297.9,65.1,35.55,28.2,358,72.1,25.1,17.64072299
4.68,296.95,65.1,35.75,28.3,356.7,72.6,25,17.64072299
4.70,295.95,65,35.8,28.3,355.5,72.9,24.9,17.59072299
4.72,294.95,64.9,35.75,28.25,354.35,71.85,24.9,17.64072299
4.73,293.95,64.9,35.95,28.3,353.2,72.2,24.8,17.59072299
4.75,292.95,64.8,36.05,28.35,352.15,72.75,24.8,17.36731094
4.77,292.15,64.7,36.15,28.4,351.05,72.1,24.7,17.64072299
4.78,291.2,64.6,36.25,28.4,349.65,71.9,24.7,17.64072299
4.80,290.2,64.6,36.2,28.4,348.5,71.85,24.7,17.64072299
4.82,289.15,64.5,36.25,28.4,347.15,71.75,24.6,17.69072299
4.83,288,64.4,36.2,28.4,346.1,71.8,24.5,17.69072299
4.85,287.05,64.3,36.3,28.4,345,71.8,24.4,17.69072299
4.87,286.1,64.2,36.35,28.4,343.8,71.8,24.4,17.69072299
4.88,285.3,64.2,36.4,28.4,342.75,72.05,24.4,17.69072299
4.90,284.2,64.1,36.45,28.4,341.6,72.1,24.4,17.69072299
4.92,283.25,64.1,36.45,28.45,340.5,71.95,24.4,17.64072299
4.93,282.55,64,36.6,28.45,339.45,71.9,24.4,17.69072299
4.95,281.55,63.9,36.6,28.5,338.4,72.15,24.5,17.6162499
4.97,280.75,63.9,36.65,28.6,337.25,72.7,24.6,17.6162499
4.98,279.95,63.7,36.7,28.7,336.25,72.85,24.7,17.69072299
5.00,279,63.6,36.75,28.75,335.15,73.65,24.8,17.71519844
5.02,278.1,63.6,36.75,28.8,334.05,73.25,25.1,17.64072299
5.03,277.25,63.5,36.75,28.85,333.05,72.55,25.3,17.34284517
5.05,277,63.4,36.8,28.85,331.9,72.8,25.4,17.64072299
5.07,275.9,63.5,36.75,28.85,330.9,73.05,25.5,17.64072299
5.08,275,63.2,36.7,28.85,329.65,74,25.7,17.69072299
5.10,274.25,63.1,36.65,28.85,328.45,74.7,25.8,17.69072299
5.12,273.4,63,36.55,28.85,327.35,74.85,26,17.59072299
5.13,272.55,63,36.5,28.85,326.25,74.85,26.2,17.59072299
5.15,271.55,62.9,36.5,28.85,324.95,74.4,26.5,17.59072299
5.17,270.45,62.8,36.5,28.85,324.1,74.85,26.7,17.29284517
5.18,270.6,62.4,36.45,28.9,322.8,73.15,27,17.29284517
5.20,268.6,62.8,36.45,28.85,321.55,72.6,27.2,17.59072299
5.22,267.45,62.7,36.4,28.85,320.5,72.45,27.4,17.64072299
5.23,266.85,62.6,36.4,28.85,319.35,71.8,27.7,17.59072299
5.25,266,62.4,36.4,28.85,318.15,72.45,27.8,17.59072299
5.27,263.6,62.6,36.05,28.9,317,72.1,28,17.59072299
5.28,264.25,62.5,36.25,28.9,316,72.9,28.1,17.5162499
5.30,263.3,62.3,36.25,28.9,314.9,72.2,28.2,17.5662499
5.32,262.3,62.3,36.25,28.9,313.75,72.95,28.3,17.64072299
5.33,261.5,62.1,36.2,28.9,312.45,72.25,28.5,17.29284517
5.35,260.75,62.4,36.05,28.9,311.55,71.7,28.6,17.59072299
5.37,259.65,62.1,36.2,28.95,310.45,72.5,28.7,17.59072299
5.38,258.8,62.1,36,28.9,309.4,72.1,28.8,17.59072299
5.40,258.3,61.9,36.05,28.9,308.3,71.2,28.9,17.59072299
5.42,257.45,61.8,36.15,29,307.25,71.2,29.1,17.59072299
5.43,256.65,61.8,36.15,28.95,306.2,71.3,29.1,17.64072299
5.45,254.8,60.8,36.2,28.95,305.15,71.35,29.1,17.59072299
5.47,254.8,61.8,36.05,29,304.1,71.15,29.3,17.59072299
5.48,253.5,61.8,36.1,29,,,,
5.50,253.25,61.5,36.15,29,,,,
5.52,252.3,61.5,36.1,29.05,,,,
5.53,251.65,61.4,36.05,29.05,,,,
5.55,250.55,61.3,36.1,29.05,,,,
5.57,249.85,61.3,35.95,29.05,,,,
5.58,249,61.3,35.6,29.05,,,,
5.60,248.1,60.7,35.9,29.05,,,,
5.62,247.45,61.1,35.8,29,,,,
5.63,245.75,61,35.95,29.05,,,,
5.65,245.1,61,35.9,29,,,,
5.67,244.2,61,36,29,,,,
5.68,243.4,60.9,35.95,29,,,,
5.70,242.7,60.9,36,29,,,,
5.72,241.7,60.7,36,28.95,,,,
5.73,240.9,60.7,36.05,29,,,,
5.75,240.05,60.6,36.1,28.95,,,,
5.77,239.25,60.5,36.15,28.95,,,,
5.78,238.35,60.4,36.25,29,,,,
5.80,237.6,60.4,36.25,29.05,,,,
5.82,237.25,59.8,36.35,29.1,,,,
5.83,236.3,60.2,36.4,29.1,,,,
5.85,235.3,60.1,36.4,29.1,,,,
5.87,234.4,60.1,36.45,29.2,,,,
5.88,233.65,60.1,36.45,29.15,,,,
5.90,233,59.9,36.6,29.2,,,,
5.92,232.2,59.9,36.6,29.25,,,,
5.93,231.35,59.5,36.65,29.3,,,,
5.95,230.7,59.7,36.3,29.2,,,,
5.97,229.7,59.6,36.4,29.25,,,,
5.98,228.85,59.5,36.45,29.3,,,,
6.00,228.3,59.4,36.4,29.3,,,,
6.02,227.5,59.4,36.45,29.35,,,,
6.03,226.75,59.3,36.45,29.4,,,,
6.05,225.85,59.2,36.5,29.4,,,,
6.07,225.1,59.2,36.4,29.35,,,,
6.08,224.05,59,36.45,29.45,,,,
6.10,223.65,59,36.4,29.4,,,,
6.12,223,58.8,36.4,29.45,,,,
6.13,222.1,58.8,36.5,29.5,,,,
6.15,221.2,58.7,36.5,29.55,,,,
6.17,220.75,58.6,36.5,29.55,,,,
6.18,219.85,58.6,36.55,29.55,,,,
6.20,219.2,58.5,36.55,29.55,,,,
6.22,218.6,58.5,36.55,29.55,,,,
6.23,217.55,58.3,36.55,29.6,,,,
6.25,216.6,58.2,36.55,29.6,,,,
6.27,216.45,58.2,36.65,29.65,,,,
6.28,215.65,58,36.65,29.7,,,,
6.30,214.7,58,36.7,29.7,,,,
6.32,214.05,57.9,36.7,29.7,,,,
6.33,213.45,57.8,36.75,29.75,,,,
6.35,212.9,57.7,36.85,29.85,,,,
6.37,212.05,57.6,36.7,29.85,,,,
6.38,211.25,57.6,36.7,29.85,,,,
6.40,210.7,57.5,36.65,29.75,,,,
6.42,209.95,57.4,36.75,29.85,,,,
6.43,209.1,57.3,36.75,29.9,,,,
6.45,208.4,57.2,36.75,29.95,,,,
6.47,207.7,57.2,36.75,29.95,,,,
6.48,206.95,57.1,36.7,29.95,,,,
6.50,206.75,57,36.65,30,,,,
6.52,205.5,56.9,36.7,30.05,,,,
6.53,205.05,56.9,36.7,30.05,,,,
6.55,204.25,56.8,36.65,30.05,,,,
6.57,203.5,56.7,36.65,30.1,,,,
6.58,202.85,56.6,36.65,30.15,,,,
6.60,202.3,56.5,36.65,30.2,,,,
6.62,201.6,56.4,36.55,30.15,,,,
6.63,200.75,56.3,36.5,30.2,,,,
6.65,199.85,56.3,36.45,30.2,,,,
6.67,199.55,56.1,36.5,30.25,,,,
6.68,198.95,56.1,36.3,30.2,,,,
6.70,198.3,56,36.3,30.3,,,,
6.72,197.4,55.9,35.8,30.2,,,,
6.73,197.6,55.8,35.8,30.2,,,,
6.75,196.05,55.7,35.85,30.2,,,,
6.77,195.45,55.7,35.5,30.2,,,,
6.78,194.65,55.6,35.7,30.2,,,,
6.80,193.9,55.4,35.65,30.2,,,,
6.82,193.5,55.4,35.55,30.2,,,,
6.83,192.95,55.3,35.5,30.25,,,,
6.85,191.8,55.3,35.8,30.25,,,,
6.87,191.45,55.1,35.3,30.2,,,,
6.88,190.6,55.1,35.2,30.25,,,,
6.90,190.35,55,35.25,30.2,,,,
6.92,189.7,55.1,35.2,30.2,,,,
6.93,189,54.9,35.55,30.25,,,,
6.95,188.45,54.7,35.1,30.1,,,,
6.97,187.2,54.6,35,30.2,,,,
6.98,187.2,54.6,35,29.65,,,,
7.00,186.5,54.5,34.7,30.2,,,,
7.02,185.9,54.3,34.6,30.15,,,,
7.03,185.05,54.3,34.5,30.1,,,,
7.05,184.2,54.3,34.6,30.15,,,,
7.07,183.6,54.1,34.55,30.15,,,,
7.08,183.3,54,34.5,30.1,,,,
7.10,182.45,53.9,34.45,30.1,,,,
7.12,181.95,53.1,34.5,30.2,,,,
7.13,181.45,53.7,34.35,30.15,,,,
7.15,181,53.6,34.4,30.15,,,,
7.17,180.25,53.6,34.35,30.1,,,,
7.18,179.45,53.5,34.3,30.1,,,,
7.20,179.2,53.4,34.3,30.1,,,,
7.22,178.15,53.2,34.1,30.1,,,,
7.23,178.2,53.2,34.1,30.1,,,,
7.25,177.15,53.1,34.15,30.1,,,,
7.27,176.55,53.1,34.15,30.1,,,,
7.28,176.05,52.9,34.15,30.1,,,,
7.30,175.7,53,34.05,30.1,,,,
7.32,174.45,52.9,33.95,30.1,,,,
7.33,174.5,52.7,34.05,30.1,,,,
7.35,173.85,52.6,34.05,30.1,,,,
7.37,173.25,52.5,34,30.05,,,,
7.38,172.2,52.4,34.05,30.05,,,,
7.40,172.2,52.3,33.9,30.1,,,,
7.42,171.65,52.3,33.95,30.05,,,,
7.43,170.85,52.2,34.35,30.05,,,,
7.45,170,52.3,34.75,30.15,,,,
7.47,169.2,51.9,34.6,30.1,,,,
7.48,169.3,51.9,34.4,30.1,,,,
7.50,168.35,51.9,34.35,30.1,,,,
7.52,168.1,51.7,34.35,30.05,,,,
7.53,167.55,51.6,34.35,30.05,,,,
7.55,167,51.6,34.3,30.05,,,,
7.57,166.25,51.4,34.65,30.1,,,,
7.58,166.15,51.4,34.65,30.15,,,,
7.60,165.5,51.3,34.6,30.1,,,,
7.62,164.75,51.2,34.55,30.05,,,,
7.63,164.45,51.1,35.35,30.2,,,,
7.65,163.65,51,34.6,30.05,,,,
7.67,163.45,50.9,34.45,30.05,,,,
7.68,162.85,51,34.4,30,,,,
7.70,162.25,50.8,34.4,30.05,,,,
7.72,161.95,50.9,34.45,30,,,,
7.73,161.15,50.6,34.4,30,,,,
7.75,160.75,50.5,34.4,30,,,,
7.77,159.9,50.5,34.35,30,,,,
7.78,159.75,50.3,34.35,29.95,,,,
7.80,158.7,50.3,34.3,29.95,,,,
7.82,158.7,50.1,34.4,29.95,,,,
7.83,158.1,50,34.2,29.95,,,,
7.85,157.8,50,34.15,29.95,,,,
7.87,157.05,49.9,34.1,29.9,,,,
7.88,156.3,49.8,34.1,29.9,,,,
7.90,156.25,49.8,34.1,29.85,,,,
7.92,155.05,49.7,34.05,29.85,,,,
7.93,154.75,49.5,34,29.85,,,,
7.95,154.1,49.4,34,29.8,,,,
7.97,153.85,49.3,33.95,29.8,,,,
7.98,153.75,49.3,33.9,29.8,,,,
8.00,153,49.2,33.9,29.8,,,,
8.02,152.9,49.1,33.85,29.75,,,,
8.03,152.2,49,33.85,29.75,,,,
8.05,151.9,49.1,33.75,29.7,,,,
8.07,151.45,48.9,33.75,29.7,,,,
8.08,150.95,48.8,33.75,29.7,,,,
8.10,150.45,48.7,33.7,29.7,,,,
8.12,149.75,48.6,33.65,29.65,,,,
8.13,149.25,48.6,33.6,29.6,,,,
8.15,149,48.4,33.65,29.65,,,,
8.17,148.2,48.4,33.55,29.6,,,,
8.18,147.9,48.4,33.5,29.6,,,,
8.20,147.7,48.2,33.5,29.6,,,,
8.22,147.2,48.2,33.4,29.55,,,,
8.23,146.95,48.1,33.4,29.5,,,,
8.25,146.4,48.1,33.15,29.3,,,,
8.27,145.7,47.8,33.1,29.25,,,,
8.28,145.15,47.8,33.1,29.3,,,,
8.30,144.35,47.8,32.95,29.2,,,,
8.32,144.35,47.7,32.75,28.9,,,,
8.33,143.85,47.5,32.85,29.1,,,,
8.35,143.15,47.4,32.9,29.2,,,,
8.37,142.95,47.4,33,29.25,,,,
8.38,142.6,47.2,32.9,29.25,,,,
8.40,142,47.3,32.9,29.2,,,,
8.42,141.4,47.1,32.9,29.15,,,,
8.43,141.35,47,32.95,29.2,,,,
8.45,141,47,32.85,29.25,,,,
8.47,140.45,46.9,32.9,29.25,,,,
8.48,139.75,46.7,32.85,29.2,,,,
8.50,139.35,46.7,32.8,29.15,,,,
8.52,139.1,46.7,32.85,29.2,,,,
8.53,138.55,46.7,32.9,29.25,,,,
8.55,138,46.5,32.9,29.25,,,,
8.57,137.7,46.5,32.85,29.25,,,,
8.58,137.2,46.4,32.75,29.2,,,,
8.60,136.55,46.3,32.75,29.2,,,,
8.62,136.5,46.2,32.7,29.2,,,,
8.63,136.15,46.1,32.6,29.05,,,,
8.65,135.15,46,32.65,29.05,,,,
8.67,135,46,32.65,29.05,,,,
8.68,134.8,45.9,32.6,29.05,,,,
8.70,134.55,45.9,32.55,29.05,,,,
8.72,134.25,45.7,32.5,29.05,,,,
8.73,133.75,45.7,32.45,29,,,,
8.75,132.75,45.7,32.45,28.95,,,,
8.77,132.8,45.5,32.45,28.95,,,,
8.78,132.35,45.4,32.4,28.9,,,,
8.80,131.65,45.4,32.3,28.9,,,,
8.82,131.15,45.3,32.3,28.9,,,,
8.83,131.15,45.3,32.25,28.85,,,,
8.85,130.5,45.2,32.2,28.85,,,,
8.87,130.25,45,32.15,28.8,,,,
8.88,130,45,32.1,28.8,,,,
8.90,129.45,44.9,32.15,28.8,,,,
8.92,128.8,45,32.05,28.75,,,,
8.93,128.65,44.8,32,28.75,,,,
8.95,128.4,44.8,31.95,28.7,,,,
8.97,128.15,44.7,32,28.65,,,,
8.98,127.55,44.7,31.95,28.65,,,,
9.00,127.25,44.6,31.95,28.65,,,,
9.02,126.85,44.5,31.9,28.65,,,,
9.03,126.6,44.4,31.9,28.65,,,,
9.05,126.65,44.4,31.95,28.65,,,,
9.07,125.75,44.3,32.05,28.65,,,,
9.08,125.2,44.2,31.9,28.6,,,,
9.10,124.8,44.2,31.9,28.6,,,,
9.12,124.7,44.1,31.8,28.55,,,,
9.13,124,44.1,31.8,28.55,,,,
9.15,123.6,43.9,31.75,28.5,,,,
9.17,123.05,43.8,31.7,28.5,,,,
9.18,123.1,43.8,31.7,28.45,,,,
9.20,122.7,43.7,31.65,28.4,,,,
9.22,121.75,43.6,31.65,28.45,,,,
9.23,122.25,43.4,31.6,28.4,,,,
9.25,121.4,43.5,31.55,28.4,,,,
9.27,121.25,43.4,31.55,28.4,,,,
9.28,120.9,43.4,31.55,28.4,,,,
9.30,120.25,43.4,31.5,28.3,,,,
9.32,119.85,43.4,31.45,28.3,,,,
9.33,119.3,43.2,31.45,28.3,,,,
9.35,119.6,43.2,31.4,28.3,,,,
9.37,119.1,43.1,31.4,28.25,,,,
9.38,118.5,43,31.4,28.25,,,,
9.40,118.5,42.9,31.3,28.25,,,,
9.42,118.15,42.8,31.3,28.25,,,,
9.43,117.75,42.9,31.25,28.15,,,,
9.45,116.7,42.8,31.15,28.15,,,,
9.47,116.85,42.7,31.2,28.15,,,,
9.48,116.05,42.5,31.2,28.15,,,,
9.50,116.45,42.5,31.2,28.15,,,,
9.52,116.05,42.6,31.1,28.1,,,,
9.53,115.9,42.4,31.2,28.1,,,,
9.55,115.05,42.3,31.1,28.05,,,,
9.57,114.55,42.2,31.15,28.05,,,,
9.58,114.55,42.2,31.15,28.05,,,,
9.60,114,42.2,31.05,28,,,,
9.62,113.65,42.1,31.05,28,,,,
9.63,113.3,42.1,31.05,27.95,,,,
9.65,113.15,42.1,31,27.95,,,,
9.67,112.7,41.9,31,27.95,,,,
9.68,112.4,41.9,30.95,27.9,,,,
9.70,112.1,41.7,30.95,27.9,,,,
9.72,111.4,41.8,30.9,27.9,,,,
9.73,111.3,41.7,30.9,27.85,,,,
9.75,111.25,41.6,30.85,27.85,,,,
9.77,111,41.5,30.85,27.85,,,,
9.78,110.5,41.5,30.8,27.8,,,,
9.80,109.85,41.5,30.8,27.75,,,,
9.82,109.95,41.3,30.8,27.8,,,,
9.83,109.4,41.3,30.75,27.75,,,,
9.85,109.4,41.3,30.75,27.75,,,,
9.87,109.1,41.1,30.7,27.75,,,,
9.88,108.6,41.2,30.7,27.7,,,,
9.90,108.35,41.2,30.6,27.7,,,,
9.92,107.65,41,30.6,27.65,,,,
9.93,107.75,41,30.7,27.65,,,,
9.95,107.35,40.9,30.6,27.65,,,,
9.97,106.55,40.8,30.5,27.6,,,,
9.98,106.3,40.7,30.6,27.6,,,,
10.00,106.4,40.9,30.5,27.6,,,,
10.02,106.35,40.7,30.5,27.6,,,,
10.03,105.4,40.7,30.45,27.55,,,,
10.05,106,41,30.45,27.5,,,,
10.07,105.45,40.7,30.45,27.55,,,,
10.08,105.05,40.4,30.4,27.5,,,,
10.10,104.75,40.6,30.4,27.45,,,,
10.12,103.9,40.3,30.3,27.45,,,,
10.13,103.95,40.6,30.35,27.45,,,,
10.15,103.45,40.2,30.35,27.45,,,,
10.17,103.4,40.1,30.3,27.4,,,,
10.18,103.3,40,30.3,27.4,,,,
10.20,102.4,40,30.25,27.35,,,,
10.22,102.6,40.2,30.25,27.35,,,,
10.23,102.1,40,30.15,27.35,,,,
10.25,102.15,39.9,30.2,27.3,,,,
10.27,101.55,39.8,30.15,27.3,,,,
10.28,101.25,39.8,30.15,27.3,,,,
10.30,100.7,39.8,30.15,27.3,,,,
10.32,100.5,39.6,30.15,27.3,,,,
10.33,100.3,39.6,30.1,27.25,,,,
10.35,100.1,39.5,30.1,27.2,,,,
10.37,99.3,39.5,30.05,27.2,,,,
10.38,99,39.5,30.05,27.2,,,,
10.40,99,39.6,30.05,27.25,,,,
10.42,98.1,39.6,30.05,27.15,,,,
10.43,97.9,39.3,30.05,27.15,,,,
10.45,97.5,39.3,29.95,27.15,,,,
10.47,97.7,39.7,30,27.15,,,,
10.48,97.3,39.1,30.05,27.15,,,,
10.50,97.1,39.1,30,27.15,,,,
10.52,96.5,39.1,29.95,27.1,,,,
10.53,94.9,39,29.9,27.05,,,,
10.55,96.5,38.9,29.95,27.05,,,,
10.57,96.1,38.8,29.9,27.05,,,,
10.58,96,38.9,29.85,27,,,,
10.60,95.3,38.8,29.85,27,,,,
10.62,94.6,38.8,29.85,27,,,,
10.63,94.7,38.6,29.85,27,,,,
10.65,95.2,38.6,29.75,26.95,,,,
10.67,93.1,38.6,29.75,26.9,,,,
10.68,93.8,38.5,29.75,26.9,,,,
10.70,93.5,38.5,29.75,26.9,,,,
10.72,92.8,38.3,29.75,26.9,,,,
10.73,92.2,38.2,29.7,26.9,,,,
10.75,93.8,38.6,29.7,26.85,,,,
10.77,93,38.4,29.7,26.85,,,,
10.78,91.4,38.3,29.6,26.8,,,,
10.80,92,38.1,29.6,26.85,,,,
10.82,91.3,38.3,29.55,26.85,,,,
10.83,90.9,38.1,29.6,26.8,,,,
10.85,90.5,38.2,29.5,26.75,,,,
10.87,91.3,38,29.5,26.8,,,,
10.88,90,37.9,29.45,26.75,,,,
10.90,90.1,37.8,29.45,26.7,,,,
10.92,90.5,37.9,29.45,26.7,,,,
10.93,90.5,37.7,29.45,26.7,,,,
10.95,90,37.8,29.5,26.7,,,,
10.97,89,37.7,29.4,26.7,,,,
10.98,89.8,37.5,29.4,26.65,,,,
11.00,89.3,37.5,29.4,26.65,,,,
11.02,89,37.5,29.35,26.65,,,,
11.03,89.7,37.6,29.25,26.6,,,,
11.05,87.7,37.3,29.25,26.65,,,,
11.07,87.7,37.4,29.2,26.55,,,,
11.08,88,37.3,29.2,26.55,,,,
11.10,88.6,37.3,29.25,26.55,,,,
11.12,87.7,37.3,29.15,26.5,,,,
11.13,87.1,37.2,29.2,26.5,,,,
11.15,87,37.1,29.1,26.5,,,,
11.17,87.4,37.3,29.1,26.5,,,,
11.18,85.7,37.1,29.1,26.5,,,,
11.20,86.2,37,29.05,26.45,,,,
11.22,86.6,36.9,29.05,26.45,,,,
11.23,86.2,36.9,29,26.45,,,,
11.25,85.7,36.9,29.05,26.45,,,,
11.27,84.5,36.9,28.95,26.45,,,,
11.28,85.2,36.8,28.95,26.45,,,,
11.30,84.8,36.8,28.85,26.4,,,,
11.32,84.5,36.7,28.9,26.4,,,,
11.33,84.7,36.6,28.9,26.35,,,,
11.35,83.8,36.7,28.95,26.4,,,,
11.37,83.7,36.7,28.8,26.35,,,,
11.38,84.2,36.6,28.8,26.3,,,,
11.40,82.5,36.6,28.75,26.3,,,,
11.42,82.7,36.5,28.75,26.35,,,,
11.43,81.6,36.6,28.6,26.25,,,,
11.45,82.6,36.4,28.7,26.25,,,,
11.47,83.2,36.4,28.7,26.25,,,,
11.48,80.4,36.3,28.65,26.2,,,,
11.50,79.9,36.4,28.6,26.25,,,,
11.52,77.3,36.7,28.75,26.3,,,,
11.53,76.9,36.8,28.75,26.25,,,,
11.55,79.6,36.6,28.75,26.25,,,,
11.57,79.3,36.1,28.7,26.2,,,,
11.58,78.2,36.1,28.65,26.2,,,,
11.60,79.5,35.9,28.6,26.15,,,,
11.62,78.7,36.5,28.7,26.2,,,,
11.63,80.1,36.3,28.55,26.15,,,,
11.65,79.8,36,28.55,26.15,,,,
11.67,80.7,36.7,28.55,26.15,,,,
11.68,80.4,36.1,28.6,26.15,,,,
11.70,80.7,36,28.6,26.15,,,,
11.72,80.6,36,28.55,26.15,,,,
11.73,77.7,36,28.55,26.1,,,,
11.75,79.1,35.6,28.45,26.05,,,,
11.77,79.4,35.5,28.5,26.05,,,,
11.78,79.7,35.5,28.5,26.05,,,,
11.80,77.9,35.8,28.45,26,,,,
11.82,78.6,35.5,28.4,26,,,,
11.83,79.6,35.5,28.4,26,,,,
11.85,78.6,35.4,28.2,25.95,,,,
11.87,78.1,35.3,28.25,25.95,,,,
11.88,78.5,35.2,28.15,25.9,,,,
11.90,78,35.2,28.2,25.95,,,,
11.92,77.6,35.2,28.2,25.9,,,,
11.93,77.5,35.1,28.1,25.85,,,,
11.95,75.5,35.1,28.05,25.85,,,,
11.97,75.5,35.4,27.95,25.8,,,,
11.98,75.9,35.1,28.05,25.85,,,,
12.00,75,34.9,28,25.8,,,,
12.02,74.9,35,28.05,25.8,,,,
12.03,74,35.1,27.9,25.8,,,,
12.05,73.3,35,28.15,25.85,,,,
12.07,73.8,35,28.1,25.8,,,,
12.08,73.1,34.9,28,25.8,,,,
12.10,73.6,34.8,27.9,25.7,,,,
12.12,73.8,34.8,28,25.7,,,,
12.13,73.1,34.8,28.7,25.75,,,,
12.15,73.6,34.7,28.7,25.8,,,,
12.17,72.2,34.7,28.65,25.75,,,,
12.18,73.6,34.7,28.65,25.8,,,,
12.20,73.2,34.6,28.65,25.75,,,,
12.22,73,34.6,28.6,25.75,,,,
12.23,71.9,34.6,28.55,25.75,,,,
12.25,71.6,34.6,28.55,25.75,,,,
12.27,71.6,34.5,28.55,25.7,,,,
12.28,71,34.5,28.5,25.7,,,,
12.30,70.7,34.4,28.5,25.7,,,,
12.32,73.3,34.2,28.55,25.7,,,,
12.33,71.4,34.3,28.45,25.65,,,,
12.35,70.7,34.3,28.5,25.65,,,,
12.37,69.6,34.3,28.4,25.6,,,,
12.38,71.5,34.2,28.4,25.6,,,,
12.40,71.5,34.2,28.4,25.65,,,,
12.42,71.7,34.1,28.45,25.6,,,,
12.43,71.3,34.1,28.45,25.6,,,,
12.45,72.2,34,28.4,25.55,,,,
12.47,73.3,34,28.4,25.55,,,,
12.48,71.6,34,28.4,25.55,,,,
12.50,70.9,34,28.35,25.55,,,,
12.52,71,33.9,28.4,25.55,,,,
12.53,70.9,33.9,28.35,25.5,,,,
12.55,71.4,33.8,28.35,25.5,,,,
12.57,71.7,33.8,28.4,25.45,,,,
12.58,72,33.7,28.35,25.4,,,,
12.60,72.2,33.7,28.35,25.4,,,,
12.62,71.5,33.6,28.3,25.35,,,,
12.63,70.7,33.6,28.35,25.35,,,,
12.65,70,33.6,28.35,25.35,,,,
12.67,69.7,33.6,28.3,25.25,,,,
12.68,69.4,33.6,28.35,25.25,,,,
12.70,68.9,33.5,28.3,25.25,,,,
12.72,69.2,33.5,28.3,25.25,,,,
12.73,68.8,33.4,28.25,25.25,,,,
12.75,68.9,33.4,28.25,25.2,,,,
12.77,71,33.3,28.25,25.25,,,,
12.78,68.6,33.3,28.15,25.15,,,,
12.80,70,33.4,28.1,25.2,,,,
12.82,70,33.2,28.1,25.2,,,,
12.83,68.8,33.2,28,25.15,,,,
12.85,67.6,33.2,28,25.2,,,,
12.87,67.4,33.1,27.95,25.1,,,,
12.88,67,33.1,27.9,25.1,,,,
12.90,66.9,33.1,27.85,25.1,,,,
12.92,66.9,33,27.85,25.05,,,,
12.93,67,33,27.85,25.1,,,,
12.95,66.4,33,27.8,25,,,,
12.97,65.7,33,27.8,25,,,,
12.98,65.6,32.9,27.75,25,,,,
13.00,66.2,33,27.75,25,,,,
13.02,64.8,32.8,27.65,24.95,,,,
13.03,64.7,32.7,27.65,24.9,,,,
13.05,65.2,32.7,27.65,24.9,,,,
13.07,65.2,32.7,27.65,24.85,,,,
13.08,64.7,32.7,27.55,24.8,,,,
13.10,64.5,32.6,27.6,24.85,,,,
13.12,64.7,32.5,27.55,24.8,,,,
13.13,64.8,32.6,27.55,24.8,,,,
13.15,64.7,32.5,27.5,24.8,,,,
13.17,64.4,32.4,27.55,24.8,,,,
13.18,64.3,32.4,27.5,24.75,,,,
13.20,63.8,32.4,27.5,24.65,,,,
13.22,63.6,32.3,27.4,24.7,,,,
13.23,63.6,32.3,27.3,24.7,,,,
13.25,63.6,32.2,27.35,24.7,,,,
13.27,63.1,32.2,27.3,24.65,,,,
13.28,62.9,32,27.25,24.6,,,,
13.30,62.7,32.2,27.3,24.65,,,,
13.32,62.8,32.1,27.3,24.6,,,,
13.33,62.9,31.9,27.3,24.65,,,,
13.35,62.8,32,27.25,24.6,,,,
13.37,63.3,32,27.25,24.6,,,,
13.38,63.6,32,27.25,24.55,,,,
13.40,63.3,31.9,27.2,24.5,,,,
13.42,63.8,31.8,27.2,24.5,,,,
13.43,63.2,31.8,27.15,24.5,,,,
13.45,63.3,31.8,27.15,24.5,,,,
13.47,62.1,31.7,27.1,24.45,,,,
13.48,60.9,31.6,27.05,24.4,,,,
13.50,60.9,31.7,27.05,24.45,,,,
13.52,60.4,31.6,27,24.4,,,,
13.53,61.1,31.6,27.05,24.4,,,,
13.55,60,31.6,27,24.35,,,,
13.57,59.9,31.5,27,24.35,,,,
13.58,60.2,31.5,26.95,24.3,,,,
13.60,60.1,31.5,26.95,24.25,,,,
13.62,59.7,31.5,26.95,24.3,,,,
13.63,59.3,31.4,26.95,24.3,,,,
13.65,59.4,31.4,26.9,24.25,,,,
13.67,59.3,31.3,26.9,24.3,,,,
13.68,59.4,31.3,26.85,24.2,,,,
13.70,59.4,31.3,26.9,24.25,,,,
13.72,59.2,31.2,26.8,24.15,,,,
13.73,58.8,31.2,26.85,24.15,,,,
13.75,59.1,31.2,26.85,24.15,,,,
13.77,58.8,31.2,26.75,24.1,,,,
13.78,58.4,31.1,26.8,24.15,,,,
13.80,59,31.2,26.8,24.1,,,,
13.82,58.9,31.1,26.75,24.1,,,,
13.83,58.3,31,26.8,24.1,,,,
13.85,58.4,31,26.75,24,,,,
13.87,58.6,30.9,26.8,24.05,,,,
13.88,58,30.9,26.75,24,,,,
13.90,58,30.9,26.8,24.05,,,,
13.92,58,30.8,26.75,24,,,,
13.93,57.6,30.8,26.75,23.95,,,,
13.95,57.4,30.8,26.7,23.95,,,,
13.97,57.4,30.7,26.7,23.95,,,,
13.98,56.8,30.7,26.7,24,,,,
14.00,56.7,30.7,26.65,23.9,,,,
14.02,56.5,30.7,26.65,23.85,,,,
14.03,56.1,30.6,26.65,23.9,,,,
14.05,56.1,30.6,26.55,23.85,,,,
14.07,56,30.6,26.6,23.85,,,,
14.08,56,30.6,26.55,23.85,,,,
14.10,55.9,30.5,26.55,23.85,,,,
14.12,55.8,30.5,26.55,23.85,,,,
14.13,55.8,30.5,26.5,23.8,,,,
14.15,56,30.4,26.5,23.8,,,,
14.17,55.7,30.4,26.45,23.75,,,,
14.18,56,30.4,26.5,23.75,,,,
14.20,55.9,30.4,26.5,23.75,,,,
14.22,56,30.3,26.5,23.7,,,,
14.23,56.1,30.3,26.5,23.7,,,,
14.25,56.8,30.2,26.5,23.65,,,,
14.27,56.9,30.2,26.55,23.7,,,,
14.28,56.9,30.2,26.5,23.7,,,,
14.30,56.8,30.2,26.45,23.65,,,,
14.32,56.7,30.2,26.5,23.7,,,,
14.33,56.7,30.1,26.5,23.65,,,,
14.35,56.3,30.1,26.5,23.65,,,,
14.37,56,30.1,26.5,23.55,,,,
14.38,56.2,30.1,26.15,23.5,,,,
14.40,56,30,26.5,23.6,,,,
14.42,55.7,30,26.45,23.5,,,,
14.43,55.5,30,26.45,23.55,,,,
14.45,55.1,29.9,26.4,23.5,,,,
14.47,54.9,29.9,26.4,23.5,,,,
14.48,54.4,29.9,26.4,23.5,,,,
14.50,53.9,29.9,26.35,23.45,,,,
14.52,52.7,29.8,26.3,23.5,,,,
14.53,52.4,29.9,26.25,23.45,,,,
14.55,52.5,29.8,26.05,23.55,,,,
14.57,52.8,29.8,26.1,23.55,,,,
14.58,52.7,29.8,26,23.4,,,,
14.60,52.7,29.8,26,23.5,,,,
14.62,52.6,29.7,26,23.5,,,,
14.63,53.1,29.7,26,23.45,,,,
14.65,52.9,29.7,25.95,23.45,,,,
14.67,52.4,29.6,25.95,23.4,,,,
14.68,52.1,29.7,25.95,23.45,,,,
14.70,51.7,29.7,25.9,23.4,,,,
14.72,51,29.6,25.95,23.45,,,,
14.73,50.7,29.7,25.9,23.4,,,,
14.75,50.5,29.6,25.85,23.4,,,,
14.77,50.1,29.7,25.85,23.4,,,,
14.78,49.9,29.6,25.8,23.35,,,,
14.80,49.7,29.6,25.85,23.4,,,,
14.82,49.7,29.6,25.8,23.35,,,,
14.83,49.6,29.6,25.8,23.35,,,,
14.85,49.4,29.5,25.8,23.4,,,,
14.87,49.3,29.5,25.8,23.3,,,,
14.88,49,29.5,25.8,23.35,,,,
14.90,48.6,29.4,25.75,23.3,,,,
14.92,48.8,29.5,25.75,23.35,,,,
14.93,48.2,29.5,25.75,23.3,,,,
14.95,48.5,29.4,25.7,23.3,,,,
14.97,49.1,29.4,25.7,23.3,,,,
14.98,49.4,29.4,25.7,23.25,,,,
15.00,49.2,29.4,25.7,23.25,,,,
15.02,49.9,29.3,25.75,23.25,,,,
15.03,48.3,27.9,25.75,23.25,,,,
15.05,52.3,29.2,25.8,23.2,,,,
15.07,48.7,29.3,25.75,23.25,,,,
15.08,48.2,29.4,25.75,23.25,,,,
15.10,47.7,29.4,25.7,23.25,,,,
15.12,46.9,29.4,25.7,23.2,,,,
15.13,47.1,29.4,25.7,23.2,,,,
15.15,46.7,29.4,25.65,23.2,,,,
15.17,46.8,29.3,25.65,23.25,,,,
15.18,45.7,29.4,25.6,23.15,,,,
15.20,46.2,29.3,25.55,23.05,,,,
15.22,46.4,29.4,25.65,23.15,,,,
15.23,46.1,29.3,25.6,23.1,,,,
15.25,45.6,29.2,25.65,23.1,,,,
15.27,45.7,29.3,25.6,23.05,,,,
15.28,45.3,29.3,25.55,23.05,,,,
15.30,45.5,29.3,25.6,23.1,,,,
15.32,44.5,29.2,25.55,23.05,,,,
15.33,44.3,29.2,25.5,23.1,,,,
15.35,45,29.2,25.5,23.05,,,,
15.37,45.1,29.2,25.5,23.05,,,,
15.38,45.1,29.2,25.5,23.05,,,,
15.40,44.6,29.2,25.5,23,,,,
15.42,45.3,29.3,25.5,23.05,,,,
15.43,45.3,29.3,25.5,23,,,,
15.45,44.5,29.2,25.55,23,,,,
15.47,44,29.2,25.55,23.05,,,,
15.48,44.7,29.2,25.55,23,,,,
15.50,45,29.2,25.6,23,,,,
15.52,44,29.1,25.55,22.9,,,,
15.53,43.9,29.2,25.65,23,,,,
15.55,43.2,29.4,25.6,23,,,,
15.57,43.8,29.1,25.55,22.95,,,,
15.58,43.6,29.1,25.55,22.95,,,,
15.60,44.1,29.1,25.6,22.95,,,,
15.62,43.7,29.1,25.55,22.95,,,,
15.63,43.5,29,25.45,22.95,,,,
15.65,42.7,28.9,25.5,22.95,,,,
15.67,42.9,29,25.55,22.95,,,,
15.68,42.9,28.9,25.5,22.9,,,,
15.70,42.9,28.9,25.5,22.95,,,,
15.72,42.7,28.9,25.45,22.9,,,,
15.73,42.9,28.9,25.45,22.9,,,,
15.75,43.2,29,25.45,22.95,,,,
15.77,43.6,29,25.45,22.9,,,,
15.78,43.2,28.9,25.4,22.9,,,,
15.80,43.2,28.9,25.45,22.9,,,,
15.82,43,28.9,25.4,22.9,,,,
15.83,42.8,28.9,25.45,22.9,,,,
15.85,42.7,29,25.4,22.85,,,,