Hours,contact_10wet,contact_10dry,20_10wet,40_10wet,60_10wet,20_10dry,40_10dry,60_10dry
0,20.7,19.6,24.95261107,24.75,19.95,20.55,27.7,23.5
0.01666667,156.1638417,19.6,27.28893259,21.9,22.5,20.65,27.7,23.6
0.03333333,488.7469708,19.6,27.31628795,24.7,20.65,20.5,27.6,23.7
0.05,587.1491635,712.5,28.34313876,23.95,20.75,20.7,27.4,23.7
0.06666667,763.5605011,873.3,29.06575499,24,20.8,20.9,27.4,23.7
0.08333333,666.5476336,1013.65,29.89788758,23.8,20.9,21.3,27.4,23.7
0.1,687.6174469,1024.4,30.45261107,24.35,20.9,20.9,27.4,23.7
0.11666667,794.6701707,1038.15,30.32051631,24.1,21,20.75,27.2,23.8
0.13333333,786.1491316,1057.15,30.05206078,24.2,21,21,27,23.8
0.15,467.7411679,1039.65,30.24313876,24.1,20.95,22,27.1,23.8
0.16666667,464.0001012,1018.5,30.40682832,24.5,21.05,22.4,27.1,23.8
0.18333333,460.2658432,982.7,30.22944765,24.35,21.1,23.05,27,23.9
0.2,754.3884041,931.9,30.27944765,24.5,21.15,23.2,26.9,23.9
0.21666667,748.0212677,913.2,30.27944765,24.65,21.25,24.2,23.05,21.9
0.23333333,741.1075116,890.75,30.47051631,24.9,21.3,25.25,22.95,21.85
0.25,734.3991722,865.65,30.40682832,24.7,21.3,26.55,23,21.85
0.26666667,728.1462833,835.35,30.44313876,24.85,21.4,27.7,22.9,21.85
0.28333333,721.5984709,810.55,30.37944765,24.95,21.45,29.05,22.9,21.9
0.3,715.3057881,792,30.63420273,25.15,21.45,30.5,22.85,21.85
0.31666667,709.3682321,814.3,30.60682832,25.1,21.45,32.15,22.9,21.9
0.33333333,703.3358142,866,30.47944765,25.05,21.55,33.9,22.85,21.85
0.35,697.5561205,905.2,30.59313876,25.2,21.6,35.65,22.85,21.85
0.36666667,691.6844824,1059.1,30.69313876,25.3,21.7,37.25,22.9,21.95
0.38333333,685.7149441,1060.8,30.74313876,25.35,21.75,39.2,23,22.1
0.4,679.701227,1052,30.79313876,25.4,21.75,40.55,23,22.1
0.41666667,675.2423705,1030.1,30.90682832,25.35,21.75,41.5,23.05,22.1
0.43333333,670.2367704,1009.1,31.02051631,25.35,21.9,42.65,23.05,22.15
0.45,662.8339626,990.5,31.13420273,25.4,21.9,44.4,23.05,22.15
0.46666667,657.937324,972.4,31.18420273,25.4,21.95,44.75,23,22.2
0.48333333,655.9411109,952.75,31.33420273,25.55,22.05,46.05,23,22.15
0.5,651.2510754,940.65,31.49788758,25.3,22.1,46.95,23.05,22.25
0.51666667,646.2129371,934.35,31.86628795,25.6,22.15,47.9,23.15,22.2
0.53333333,641.8287657,928.65,31.66157084,25.15,22.2,48.75,23.3,22.3
0.55,637.8459063,922.3,31.85261107,25.63333333,23.2,49.25,23.1,22.2
0.56666667,634.0695233,917.25,32.01628795,25.66666667,23.26666667,49.95,23.05,22.25
0.58333333,630.4471064,906.65,32.12996322,25.73333333,23.3,50.65,23.05,22.3
0.6,626.9224768,900.35,32.24363687,25.73333333,23.33333333,51.2,23.1,22.35
0.61666667,623.6544636,894.95,32.35730891,25.76666667,23.46666667,51.85,23.1,22.4
0.63333333,620.0867561,887.1,32.47097932,25.8,23.5,52.35,23.1,22.35
0.65,616.8724347,880.45,32.69831528,25.96666667,23.5,52.8,23.1,22.4
0.66666667,613.7114932,873.6,32.8256447,26,23.63333333,53.25,23.1,22.35
0.68333333,610.6464062,868,32.93930696,25.96666667,23.63333333,53.7,23.15,22.4
0.7,607.5380476,862.85,33.11662655,26.03333333,23.63333333,54.1,23.1,22.35
0.71666667,604.4327819,856.8,33.34393956,26.1,23.7,54.5,23.15,22.4
0.73333333,601.3264624,851.3,33.58489671,26.1,23.8,54.85,23.2,22.4
0.75,598.5144621,844.6,33.81219321,26.16666667,23.83333333,55.15,23.2,22.4
0.76666667,595.5135333,839.9,34.00312556,26.2,23.8,55.5,23.2,22.4
0.78333333,592.8019601,832.55,34.13040552,26.23333333,23.8,55.75,23.25,22.4
0.8,589.5016671,825.85,34.37131305,26.3,23.83333333,56,23.25,22.45
0.81666667,586.4039164,820.35,34.67583331,26.36666667,23.96666667,56.25,23.3,22.4
0.83333333,583.649066,813.35,34.91670623,26.43333333,24,56.5,23.35,22.4
0.85,580.8012124,806.65,35.1075644,26.46666667,24,56.8,23.4,22.4
0.86666667,577.9556403,800.65,35.34840791,26.56666667,24.06666667,57.05,23.4,22.4
0.88333333,575.1623367,794.65,35.65284327,26.63333333,24.1,57.3,23.45,22.4
0.9,572.5212874,788.75,35.907253,26.66666667,24.1,57.5,23.55,22.45
0.91666667,569.7717918,782.6,36.09804366,26.7,24.16666667,57.7,23.6,22.4
0.93333333,566.8295534,778,36.40240932,26.8,24.26666667,57.9,23.6,22.4
0.95,564.0393187,770.7,36.64316735,26.9,24.3,58.1,23.7,22.45
0.96666667,561.395438,764.35,36.94749014,26.9,24.33333333,58.3,23.8,22.45
0.98333333,558.7147994,758.45,37.26536014,27,24.33333333,58.5,23.8,22.45
1,555.7571899,752.75,37.50606468,27.1,24.4,58.7,23.85,22.45
1.01666667,553.0185171,747.2,37.8103175,27.13333333,24.43333333,58.9,23.9,22.45
1.03333333,550.8755876,741.6,38.06454815,27.13333333,24.4,59.1,24,22.45
1.05,548.3342034,735.4,38.31875728,27.2,24.53333333,59.3,24.05,22.5
1.06666667,545.8005139,729.4,38.62294555,27.23333333,24.53333333,59.5,24.1,22.5
1.08333333,542.7622603,724.15,38.94065268,27.3,24.53333333,59.65,24.25,22.5
1.1,540.5755062,718.2,39.18126248,27.36666667,24.5,59.85,24.25,22.45
1.11666667,537.7902356,712.45,39.48539268,27.43333333,24.6,60,24.35,22.45
1.13333333,535.3064317,707.35,39.90303057,27.46666667,24.53333333,60.25,24.45,22.5
1.15,532.9675036,700.45,40.09360069,27.46666667,24.56666667,60.4,24.5,22.45
1.16666667,530.4865015,688.95,40.34768026,27.56666667,24.63333333,60.6,24.6,22.5
1.18333333,528.4001872,678.35,40.60174477,27.6,24.66666667,60.8,24.65,22.45
1.2,525.521917,668.55,40.90579518,27.73333333,24.63333333,61,24.8,22.45
1.21666667,522.8950231,662.9,41.22333985,27.8,24.73333333,61.15,24.85,22.45
1.23333333,520.5125353,658.95,41.46385765,27.93333333,24.76666667,61.4,25,22.5
1.25,517.9882586,652.9,41.66787179,27.93333333,24.73333333,61.55,25,22.45
1.26666667,515.5582045,648.35,41.97187596,27.93333333,24.73333333,61.75,25.15,22.45
1.28333333,513.0864631,643.85,42.1623732,28.06666667,24.76666667,61.9,25.25,22.5
1.3,510.5659921,641.4,42.41636257,28,24.7,62.15,25.3,22.5
1.31666667,508.0040695,640.8,42.67034505,28.06666667,24.7,62.3,25.45,22.5
1.33333333,505.6787666,644.85,42.91082809,28.13333333,24.7,62.45,25.55,22.5
1.35,503.254532,643.5,43.16480135,28.2,24.76666667,62.65,25.6,22.55
1.36666667,500.8313441,639.4,43.35527885,28.2,24.66666667,62.8,25.7,22.55
1.38333333,498.3167318,634,43.59575483,28.3,23.13333333,62.95,25.85,22.55
1.4,495.8532411,630.6,43.78622982,28.4,23.1,63.15,25.95,22.6
1.41666667,493.4831714,626.7,44.09019585,28.43333333,23.03333333,63.3,26,22.5
1.43333333,490.9717814,622.95,44.28067059,28.46666667,23.23333333,63.5,26.1,22.55
1.45,488.6114294,618.75,44.47114614,28.46666667,23.03333333,63.65,26.25,22.6
1.46666667,486.1520853,615.15,44.66162305,28.5,23.23333333,63.8,26.35,22.6
1.48333333,483.6437186,609.85,44.90210186,28.56666667,23.23333333,63.95,26.45,22.6
1.5,481.2362979,604.3,45.07908907,28.63333333,23.26666667,64.1,26.55,22.6
1.51666667,478.8297912,603.1,45.31957231,28.66666667,23.16666667,64.25,26.7,22.65
1.53333333,476.3241655,600.95,45.46005898,28.66666667,23.2,64.4,26.75,22.65
1.55,474.3193872,599.4,45.58705227,28.73333333,23.26666667,64.55,26.85,22.65
1.56666667,471.815422,599.05,45.72754592,28.73333333,23.23333333,64.7,27,22.65
1.58333333,468.7204131,594.75,45.96804452,28.76666667,23.2,64.75,27.1,22.65
1.6,466.2762285,588.6,46.09504665,28.9,23.2,64.95,27.25,22.65
1.61666667,463.3324318,583.1,46.23555484,28.9,23.16666667,65.05,27.3,22.65
1.63333333,460.5649291,577.7,46.41256389,28.93333333,23.3,65.2,27.5,22.65
1.65,457.881617,574.25,46.60308332,29,23.33333333,65.3,27.55,22.7
1.66666667,455.2489926,569.2,46.73010042,29.03333333,23.33333333,65.45,27.65,22.7
1.68333333,452.7085858,565.9,46.85712105,29.06666667,23.16666667,65.6,27.8,22.75
1.7,450.0271412,573.05,46.9841454,29.1,23.1,65.65,27.85,22.7
1.71666667,447.4877514,566.45,47.17468926,29.16666667,23.23333333,65.8,28,22.7
1.73333333,444.9487799,556.55,47.18820593,29.16666667,23.36666667,65.9,28.05,22.7
1.75,442.410175,550.35,47.31524249,29.16666667,23.36666667,66.05,28.15,22.75
1.76666667,439.8718837,548.25,47.44228348,29.3,23.26666667,66.15,28.3,22.75
1.78333333,437.425322,544.7,47.51932909,29.36666667,23.26666667,66.25,28.35,22.7
1.8,434.9289467,541.3,47.6463795,29.43333333,23.2,66.3,28.45,22.75
1.81666667,432.341256,537.9,47.7734349,29.5,23.26666667,66.45,28.6,22.75
1.83333333,429.8951141,534.85,47.85049546,29.5,23.16666667,66.55,28.65,22.8
1.85,427.3575611,532.05,48.02756138,29.6,23.23333333,66.6,28.85,22.8
1.86666667,424.9528969,528.85,48.09109641,29.66666667,23.4,66.7,28.9,22.85
1.88333333,422.5067207,525.4,48.16817071,29.73333333,23.46666667,66.8,29.1,22.85
1.9,420.1018952,521.75,48.08171003,29.76666667,23.33333333,66.9,29.15,22.85
1.91666667,417.6969243,518.55,48.05879313,29.86666667,23.4,66.95,29.25,22.85
1.93333333,415.341763,515.15,48.03588232,30,23.46666667,67.05,29.4,22.85
1.95,412.8948635,511.85,47.79942926,30.13333333,23.53333333,67.1,29.5,22.9
1.96666667,410.5391662,508.55,47.52652796,30.3,23.63333333,67.2,29.6,22.9
1.98333333,407.9915949,505.35,61.18015951,29.35,22.9,67.25,29.6,22.9
2,405.7767294,502,61.30726644,29.45,22.9,67.35,29.75,22.9
2.01666667,403.4783013,498.8,61.56149046,29.4,22.8,67.35,29.85,22.9
2.03333333,401.3958224,495.7,61.68860766,29.5,22.85,67.4,29.95,22.9
2.05,399.129699,492.6,61.94285266,29.55,23.05,67.5,30.05,22.95
2.06666667,396.871392,489.6,62.06998055,29.55,22.8,67.5,30.15,22.9
2.08333333,394.4207459,486.7,62.19711211,29.6,22.85,67.55,30.25,22.9
2.1,392.0611121,483.6,62.32424737,29.6,23.05,67.65,30.35,23
2.11666667,389.7925615,480.55,62.45138639,29.65,22.7,67.65,30.45,23
2.13333333,387.6233261,477.55,62.5785292,29.7,22.7,67.7,30.6,22.95
2.15,385.1695627,474.65,62.83282643,29.8,22.9,67.8,30.65,22.95
2.16666667,383.1487246,471.75,62.83282643,29.8,22.9,67.85,30.7,22.95
2.18333333,380.7270617,468.8,62.95998094,29.8,23.05,67.85,30.85,22.95
2.2,378.4545282,465.95,63.21430198,29.85,23.15,67.9,30.9,22.95
2.21666667,376.1810777,463.05,63.21430198,29.9,23,67.9,31.1,23
2.23333333,373.9066635,460.2,63.3414686,29.95,22.85,67.9,31.15,23
2.25,371.7234828,457.45,63.46863936,30,23.05,68,31.25,23
2.26666667,369.4470663,454.9,63.59581429,30.05,22.85,68,31.3,23
2.28333333,367.3119241,452.05,63.72299346,30.1,23.2,68,31.4,23.05
2.3,365.1757716,449.4,63.8501769,30.2,23.2,68,31.5,23.05
2.31666667,362.9460497,446.65,63.97736467,30.2,23.2,68,31.6,23.1
2.33333333,360.7576805,444,64.1045568,30.25,23.35,68.05,31.65,23.1
2.35,358.4755008,441.25,64.1045568,30.25,22.85,68.05,31.75,23.1
2.36666667,356.9274942,438.55,64.23175336,30.3,23,68.1,31.85,23.1
2.38333333,354.3784259,436.05,64.35895438,30.4,23.15,68.05,31.95,23.05
2.4,352.1424323,433.45,64.35895438,30.4,23.25,68.05,32.05,23.15
2.41666667,350.040973,430.8,64.48615992,30.45,23.1,68.1,32.1,23.1
2.43333333,347.9883433,428.25,64.48615992,30.5,23.15,68.1,32.2,23.15
2.45,345.8845083,425.75,64.61337002,30.6,23.2,68.1,32.25,23.15
2.46666667,344.1294324,423.25,64.74058472,30.6,23.15,68.1,32.35,23.15
2.48333333,342.0230803,420.75,64.86780408,30.6,23.3,68.1,32.45,23.15
2.5,339.765416,418.3,64.86780408,30.65,23.35,68.05,32.5,23.1
2.51666667,337.6564035,415.9,64.99502815,30.65,23.35,68.1,32.6,23.1
2.53333333,335.5896531,413.45,64.99502815,30.75,23.1,68.1,32.7,23.15
2.55,333.477938,411.05,64.99502815,30.8,23.1,68.1,32.8,23.15
2.56666667,331.4586148,408.7,65.12225697,30.8,23.2,68.05,32.9,23.15
2.58333333,329.3440605,406.25,65.12225697,30.9,23.3,68.05,33,23.2
2.6,327.372037,403.9,65.24949059,30.9,23.4,68.05,33.05,23.15
2.61666667,325.3986674,401.55,65.24949059,30.9,23.35,68,33.15,23.15
2.63333333,323.4239217,399.15,65.24949059,30.95,23.3,68,33.25,23.2
2.65,321.3533912,396.85,65.37672906,31,23.3,67.95,33.3,23.2
2.66666667,319.4201811,394.5,65.37672906,31,23.2,67.95,33.4,23.15
2.68333333,317.5857208,392.3,65.37672906,31,23.2,67.9,33.45,23.15
2.7,315.5605717,390.15,65.37672906,31.15,23.4,67.9,33.5,23.2
2.71666667,313.77332,387.9,65.50397242,31.15,23.25,67.85,33.6,23.2
2.73333333,311.7897994,385.7,65.50397242,31.15,23.15,67.85,33.65,23.25
2.75,309.9497561,383.45,65.50397242,31.25,23.2,67.8,33.65,23.2
2.76666667,308.1083349,381.4,65.50397242,31.25,23.25,67.8,33.75,23.2
2.78333333,306.1702121,379.25,65.50397242,31.25,23.25,67.75,33.85,23.25
2.8,304.230412,377.2,65.63122072,31.3,23.2,67.7,33.85,23.25
2.81666667,302.6300169,375,65.63122072,31.35,23.2,67.7,33.95,23.25
2.83333333,300.6327135,372.9,65.63122072,31.35,23.4,67.7,34.05,23.25
2.85,299.2339062,370.75,65.63122072,31.35,23.4,67.55,34.05,23.3
2.86666667,297.1294904,368.6,65.63122072,31.45,23.6,67.55,34.1,23.25
2.88333333,295.4777307,366.5,65.63122072,31.5,23.45,67.55,34.2,23.3
2.9,293.5205661,364.45,65.63122072,31.6,23.25,67.5,34.25,23.3
2.91666667,292.2120568,362.5,65.63122072,31.65,23.25,67.45,34.3,23.3
2.93333333,290.2021833,360.45,65.63122072,31.7,23.35,67.4,34.35,23.3
2.95,288.2443787,358.35,65.63122072,31.7,23.35,67.35,34.45,23.3
2.96666667,286.5315893,356.35,65.63122072,31.7,23.2,67.3,34.45,23.3
2.98333333,284.817375,354.45,65.63122072,31.75,23.45,67.25,34.55,23.3
3,283.0017161,352.55,65.63122072,31.8,23.35,67.2,34.6,23.35
3.01666667,281.2375083,350.5,65.63122072,31.8,23.4,67.15,34.65,23.25
3.03333333,279.6159853,348.6,65.63122072,31.85,23.45,67.1,34.75,23.3
3.05,277.8958737,346.65,65.63122072,31.9,23.45,67.05,34.75,23.3
3.06666667,276.3217231,344.75,65.63122072,31.9,23.5,67,34.85,23.35
3.08333333,274.5962981,342.85,65.63122072,31.95,23.45,67,34.9,23.35
3.1,273.0718407,340.7,65.63122072,31.95,23.35,66.95,35,23.35
3.11666667,271.1936905,339.1,65.63122072,31.95,23.3,66.85,35,23.35
3.13333333,269.6142194,337.25,65.63122072,32,23.25,66.85,35.05,23.35
3.15,267.9834123,335.3,65.63122072,32.05,23.6,66.75,35.15,23.35
3.16666667,266.4012541,333.65,65.63122072,32.1,23.4,66.7,35.15,23.4
3.18333333,264.8177296,331.8,65.63122072,32.1,23.25,66.65,35.25,23.35
3.2,263.2328239,330,65.63122072,32.15,23.35,66.65,35.25,23.35
3.21666667,261.6465217,328.25,65.63122072,32.15,23.5,66.55,35.3,23.4
3.23333333,260.0088079,326.5,65.63122072,32.2,23.45,66.45,35.35,23.4
3.25,258.3696674,324.8,65.50397242,32.2,23.25,66.4,35.35,23.4
3.26666667,256.879085,323.05,65.50397242,32.15,23.2,66.35,35.45,23.4
3.28333333,255.3863154,321.3,65.50397242,32.1,22.85,66.3,35.5,23.4
3.3,253.7929516,319.65,65.50397242,32.2,23.1,66.25,35.5,23.45
3.31666667,252.247654,317.95,65.50397242,32.3,23.2,66.15,35.55,23.4
3.33333333,250.8508146,316.35,65.37672906,32.35,23.25,66.05,35.6,23.45
3.35,249.7034037,314.65,65.37672906,32.25,23,66,35.65,23.5
3.36666667,248.3044287,313,65.37672906,32.3,22.6,65.95,35.65,23.45
3.38333333,246.8042058,311.35,65.37672906,32.35,22.7,65.9,35.65,23.45
3.4,245.2524808,309.65,65.24949059,32.45,22.9,65.8,35.7,23.5
3.41666667,243.8499715,308,65.24949059,32.5,22.9,65.7,35.7,23.5
3.43333333,242.2954102,306.45,65.12225697,32.55,23.15,65.65,35.8,23.5
3.45,240.890612,304.9,65.12225697,32.55,23.3,65.55,35.85,23.55
3.46666667,239.4339826,303.35,65.12225697,32.6,23.3,65.5,35.85,23.5
3.48333333,237.9760386,301.7,64.99502815,32.65,23.2,65.4,35.8,23.45
3.5,236.2667689,300.15,64.99502815,32.7,23.15,65.3,35.85,23.55
3.51666667,234.6061624,298.6,64.99502815,32.7,23.35,65.2,35.8,23.5
3.53333333,233.4456033,297.05,64.99502815,32.7,23.05,65.1,35.9,23.5
3.55,232.1339713,295.5,64.86780408,32.75,23.2,65.05,35.95,23.5
3.56666667,230.8195934,294,64.86780408,32.75,23.3,64.95,35.95,23.5
3.58333333,229.4556559,292.4,64.86780408,32.9,23.4,64.9,35.95,23.5
3.6,227.9886646,290.85,64.74058472,32.9,23.4,64.8,36,23.5
3.61666667,226.6223865,289.4,64.74058472,32.9,23.4,64.7,36,23.5
3.63333333,225.3049949,287.85,64.74058472,32.95,23.65,64.65,36.05,23.5
3.65,223.6364819,286.4,64.61337002,33.05,23.25,64.5,36.05,23.5
3.66666667,222.2168398,284.9,64.61337002,33,23.25,64.45,36.05,23.5
3.68333333,220.8433832,283.45,64.61337002,33.05,23.25,64.4,36.05,23.5
3.7,219.371316,281.9,64.48615992,33.05,23.2,64.25,36.1,23.55
3.71666667,218.0480956,280.5,64.48615992,33.05,23.3,64.15,36.15,23.55
3.73333333,216.7737141,279,64.48615992,33.05,23.05,64.1,36.15,23.55
3.75,215.3481638,277.55,64.35895438,33.1,23.4,64,36.15,23.55
3.76666667,214.2214371,276.05,64.35895438,33.15,23.1,63.9,36.15,23.5
3.78333333,212.9970802,274.65,64.23175336,33.05,23.15,63.8,36.15,23.5
3.8,211.4181268,273.2,64.23175336,33.15,23.05,63.7,36.15,23.5
3.81666667,210.1879749,271.7,64.1045568,33.2,23.15,63.6,36.2,23.55
3.83333333,209.0106028,270.3,64.1045568,33.25,23.1,63.5,36.2,23.6
3.85,207.5323019,268.9,63.97736467,33.2,22.95,63.4,36.2,23.55
3.86666667,206.4988144,267.5,63.97736467,33.2,23.65,63.3,36.25,23.6
3.88333333,205.2185063,266.1,63.8501769,33.2,23.3,63.25,36.25,23.6
3.9,203.8827112,264.75,63.8501769,33.25,23.3,63.15,36.25,23.6
3.91666667,202.6503723,263.35,63.8501769,33.2,23.35,63.05,36.25,23.65
3.93333333,201.4170777,262,63.72299346,33.15,23.5,62.95,36.25,23.6
3.95,200.1828223,260.7,63.59581429,33.15,23.45,62.85,36.25,23.6
3.96666667,198.8424901,259.45,63.59581429,33.25,23.25,62.75,36.25,23.6
3.98333333,197.5561587,258.1,63.46863936,33.25,23.45,62.65,36.25,23.6
4,196.2188505,256.8,63.46863936,33.2,23.25,62.55,36.25,23.65
4.01666667,194.9305604,255.55,63.46863936,33.25,23.4,62.45,36.3,23.7
4.03333333,193.6412835,254.2,63.3414686,33.2,23.15,62.35,36.3,23.65
4.05,192.5068282,252.9,63.3414686,33.75,26.55,62.3,36.3,23.65
4.06666667,191.215705,251.7,63.21430198,33.5,24.75,62.15,36.3,23.65
4.08333333,190.0235806,250.4,63.21430198,33.4,25.1,62.1,36.3,23.65
4.1,188.5866732,249.1,63.08713944,33.45,25.2,61.95,36.3,23.65
4.11666667,187.492676,247.85,63.08713944,33.4,25.25,61.85,36.35,23.65
4.13333333,186.3476631,246.6,62.95998094,33.4,25.25,61.75,36.35,23.65
4.15,185.1582685,245.35,62.95998094,33.35,25.25,61.65,36.35,23.65
4.16666667,184.118121,244.1,62.95998094,33.3,25.25,61.55,36.4,23.7
4.18333333,182.8634142,242.95,62.83282643,33.35,25.25,61.5,36.45,23.7
4.2,181.8214975,241.7,62.83282643,33.35,25.25,61.35,36.45,23.7
4.21666667,180.2216297,240.5,62.70567587,33.3,25.25,61.25,36.4,23.65
4.23333333,179.4280551,239.3,62.5785292,33.3,25.2,61.15,36.4,23.65
4.25,178.0837104,238.1,62.5785292,33.35,25.25,61.05,36.4,23.65
4.26666667,177.2385924,236.95,62.45138639,33.3,25.25,60.95,36.35,23.7
4.28333333,176.1426981,235.75,62.45138639,33.3,25.25,60.85,36.35,23.7
4.3,174.9881694,234.55,62.32424737,33.3,25.25,60.75,36.35,23.7
4.31666667,173.7405824,233.35,62.32424737,33.3,25.25,60.6,36.35,23.7
4.33333333,172.7922093,232.25,62.19711211,33.25,25.25,60.55,36.4,23.7
4.35,171.5847765,231.05,62.06998055,33.25,25.25,60.4,36.4,23.7
4.36666667,170.4846896,229.9,62.06998055,33.3,25.25,60.35,36.4,23.7
4.38333333,169.433807,228.8,61.94285266,33.2,25.2,60.2,36.4,23.7
4.4,168.3321255,227.65,61.94285266,33.2,25.2,60.1,36.35,23.7
4.41666667,167.2796421,226.5,61.81572838,33.2,25.25,60,36.35,23.7
4.43333333,166.1763538,225.45,61.81572838,33.2,25.2,59.85,36.35,23.7
4.45,165.1722575,224.3,61.68860766,33.2,25.2,59.8,36.35,23.65
4.46666667,164.2265579,223.2,61.56149046,33.2,25.2,59.7,36.35,23.65
4.48333333,163.1209724,222.1,61.56149046,33.15,25.2,59.6,36.35,23.65
4.5,162.0645705,220.95,61.43437674,33.15,25.2,59.45,36.35,23.65
4.51666667,161.1169429,219.85,61.43437674,33.15,25.15,59.35,36.3,23.65
4.53333333,160.0590362,218.75,61.30726644,33.1,25.15,59.25,36.3,23.7
4.55,159.1101505,217.65,61.30726644,33.1,25.2,59.15,36.3,23.7
4.56666667,158.2706283,216.6,61.18015951,33.1,25.15,59.05,36.3,23.7
4.58333333,157.2606534,215.5,61.05305592,33.1,25.15,58.95,36.3,23.7
4.6,156.3100385,214.4,61.05305592,33.05,25.1,58.8,36.25,23.7
4.61666667,155.2485352,213.35,60.9259556,33.05,25.05,58.75,36.25,23.65
4.63333333,154.186194,212.25,60.9259556,33.1,25.15,58.65,36.25,23.7
4.65,153.2336008,211.25,60.79885853,33.05,25.1,58.55,36.25,23.7
4.66666667,152.2197157,210.15,60.79885853,33,25.05,58.45,36.25,23.7
4.68333333,151.2658318,209.1,60.67176464,33.05,25,58.3,36.2,23.6
4.7,150.2503931,208.15,60.5446739,33,25,58.2,36.15,23.6
4.71666667,149.2952104,207.2,60.5446739,33,25,58.1,36.2,23.6
4.73333333,148.2782081,206.15,60.41758625,32.9,25,57.95,36.2,23.65
4.75,147.3217184,205.2,60.29050165,32.9,24.95,57.9,36.2,23.6
4.76666667,146.1916298,204.2,60.29050165,32.9,25,57.75,36.1,23.65
4.78333333,145.283705,203.2,60.16342006,32.85,24.95,57.65,36.1,23.65
4.8,144.3251793,202.25,60.16342006,32.85,24.9,57.6,36.1,23.6
4.81666667,143.4160512,201.3,60.03634142,32.8,24.95,57.45,36.15,23.65
4.83333333,142.5063189,200.4,59.90926569,32.8,24.95,57.4,36.05,23.65
4.85,141.3716757,199.3,59.90926569,32.75,24.95,57.25,36.05,23.65
4.86666667,140.4104867,198.3,59.78219282,32.75,24.9,57.15,36.05,23.6
4.88333333,139.498688,197.35,59.78219282,32.75,24.9,57.05,36.05,23.6
4.9,138.4737224,196.35,59.65512277,32.75,24.9,56.9,36.05,23.6
4.91666667,137.5605764,195.4,59.65512277,32.8,24.9,56.8,36,23.65
4.93333333,136.1339893,194.4,59.52805549,32.75,24.95,56.65,36,23.65
4.95,135.3824378,193.45,59.52805549,32.7,24.95,56.6,36,23.65
4.96666667,134.6543684,192.45,59.40099093,32.7,24.9,56.55,36,23.65
4.98333333,133.7386284,191.55,59.27392905,32.7,24.95,56.4,36,23.65
5,132.8722666,190.65,59.27392905,32.65,24.95,56.3,35.95,23.7
5.01666667,131.8418093,189.65,59.1468698,32.6,24.9,56.2,35.95,23.65
5.03333333,130.9240737,188.7,59.1468698,32.75,24.9,56.1,35.95,23.7
5.05,130.0694339,187.8,59.01981313,32.6,24.85,55.95,35.95,23.7
5.06666667,129.03672,186.8,58.89275901,32.6,24.9,55.9,35.95,23.75
5.08333333,128.0670986,185.95,58.89275901,32.6,24.95,55.75,35.9,23.75
5.1,127.1468455,185,58.76570737,32.6,25,55.65,35.85,23.8
5.11666667,126.2259589,184.15,58.76570737,32.55,24.85,55.5,35.85,23.75
5.13333333,125.3544374,183.25,58.63865818,32.55,24.95,55.45,35.85,23.75
5.15,124.3822794,182.35,58.5116114,32.45,24.9,55.3,35.8,23.75
5.16666667,123.6240936,181.45,58.5116114,32.45,24.85,55.2,35.8,23.7
5.18333333,122.7007858,180.55,58.5116114,32.5,24.9,55.1,35.75,23.75
5.2,121.776837,179.7,58.38456697,32.5,24.9,55,35.75,23.75
5.21666667,120.9022458,178.85,58.25752484,32.45,24.8,54.85,35.7,23.8
5.23333333,119.9770104,177.95,58.13048498,32.45,24.85,54.75,35.65,23.7
5.25,119.1663573,177.15,58.13048498,32.45,24.9,54.65,35.65,23.75
5.26666667,118.1399587,176.25,58.00344734,32.4,24.75,54.5,35.6,23.75
5.28333333,117.3129117,175.45,58.00344734,32.3,24.8,54.4,35.6,23.75
5.3,116.5008062,174.6,57.87641187,32.3,24.8,54.35,35.6,23.75
5.31666667,115.6725881,173.8,57.87641187,32.3,24.75,54.25,35.6,23.7
5.33333333,114.8095438,175.8,57.74937852,32.3,24.7,67.2,40.8,25.2
5.35,113.8801497,175,57.62234726,32.2,24.65,67,40.8,25.2
5.36666667,113.1821987,174.1,57.62234726,32.2,24.7,66.8,40.8,25.2
5.38333333,112.1855874,173.4,57.49531803,32.15,24.7,66.7,40.7,25.2
5.4,111.5369265,172.5,57.36829079,32.1,24.65,66.5,40.7,25.2
5.41666667,110.4888925,171.8,57.2412655,32.05,24.65,66.3,40.7,25.2
5.43333333,109.7230079,171,57.11424211,32.05,24.65,66.2,40.6,25.2
5.45,108.8400562,170.3,57.11424211,32.05,24.65,66,40.6,25.2
5.46666667,108.023217,169.5,56.98722057,32,24.5,65.9,40.6,25.1
5.48333333,107.2559523,168.7,56.98722057,31.9,24.5,65.7,40.5,25.1
5.5,106.3712718,168,56.86020084,31.9,24.5,65.5,40.5,25.1
5.51666667,105.4859239,167.2,56.73318288,31.9,24.5,65.4,40.4,25.1
5.53333333,104.7171638,166.5,56.60616664,31.85,24.5,65.2,40.4,25.1
5.55,103.9479749,165.7,56.60616664,31.85,24.5,65,40.4,25.1
5.56666667,103.0608843,165,56.47915207,31.85,24.5,64.9,40.3,25.1
5.58333333,102.3407274,164.3,56.47915207,31.8,24.45,64.7,40.3,25
5.6,101.5701391,163.5,56.35213914,31.75,24.45,64.5,40.2,25
5.61666667,100.7991187,162.8,56.22512779,31.7,24.35,64.4,40.2,25
5.63333333,100.0276653,162,56.09811798,31.7,24.4,64.2,40.2,25
5.65,99.42379074,161.3,55.97110967,31.7,24.35,64.1,40.1,25
5.66666667,98.41530855,160.6,55.97110967,31.65,24.35,63.9,40.1,25
5.68333333,97.64244308,159.9,55.84410282,31.6,24.35,63.8,40,25
5.7,96.91914152,159.2,55.71709737,31.55,24.35,63.6,40,25
5.71666667,96.19540314,158.5,55.71709737,31.55,24.35,63.5,40,25
5.73333333,95.4212272,157.7,55.59009329,31.55,24.35,63.3,39.9,25
5.75,94.57789083,157.1,55.46309053,31.5,24.35,63.2,39.9,25
5.76666667,93.80272769,156.4,55.46309053,31.45,24.35,63,39.8,25
5.78333333,93.19606665,155.7,55.33608905,31.4,24.35,62.9,39.8,25
5.8,92.4201331,155,55.2090888,31.4,24.3,62.7,39.8,25
5.81666667,91.69375833,154.3,55.2090888,31.4,24.3,62.5,39.7,25
5.83333333,90.96694159,153.6,55.08208974,31.4,24.25,62.4,39.7,25
5.85,90.30903856,152.9,54.95509183,31.35,24.25,62.3,39.6,25
5.86666667,89.58144665,152.3,54.95509183,31.35,24.2,62.1,39.6,25
5.88333333,88.85341077,151.5,54.82809502,31.3,24.2,62,39.6,25
5.9,88.36422613,150.9,54.70109927,31.3,24.2,61.8,39.5,25
5.91666667,87.46577756,150.3,54.70109927,31.2,24.2,61.7,39.5,25
5.93333333,86.85637405,149.5,54.57410454,31.2,24.2,61.5,39.5,25
5.95,86.12677865,148.9,54.44711078,31.15,24.2,61.3,39.4,25
5.96666667,85.39673607,148.3,54.32011796,31.15,24.2,61.2,39.4,25
5.98333333,84.83641022,147.5,54.32011796,31.1,24.15,61.1,39.3,25
6,84.05558333,146.8,54.19312602,31.1,24.15,60.9,39.3,25
6.01666667,83.44466845,146.3,54.19312602,31.1,24.15,60.8,39.2,25
6.03333333,82.83350061,145.6,54.06613492,31.05,24.15,60.6,39.2,25
6.05,82.10154951,144.9,53.93914463,31,24.15,60.5,39.2,25
6.06666667,81.4897903,144.3,53.93914463,31,24.15,60.4,39.1,25
6.08333333,80.75704962,143.6,53.81215509,31,24.15,60.2,39.1,25
6.1,80.19469742,143,53.68516628,30.95,24.15,60.1,39,25
6.11666667,79.58209058,142.3,53.68516628,30.95,24.1,59.9,39,24.9
6.13333333,78.89821819,141.7,53.55817814,30.8,24.05,59.8,39,25
6.15,78.28501606,141,53.55817814,30.8,24,59.6,38.9,24.9
6.16666667,77.7215583,140.4,53.43119063,30.8,24,59.5,38.9,24.9
6.18333333,76.98654983,139.8,53.30420371,30.75,24,59.3,38.9,24.9
6.2,76.37249449,139.2,53.30420371,30.7,24,59.2,38.8,24.9
6.21666667,75.80818256,138.5,53.17721735,30.65,24,59,38.8,24.9
6.23333333,75.19361373,137.9,53.05023149,30.65,24,58.9,38.7,24.9
6.25,74.52878773,137.3,53.05023149,30.65,24,58.8,38.7,24.9
6.26666667,73.96370425,136.8,52.92324609,30.65,24,58.7,38.7,24.9
6.28333333,73.39836301,136.1,52.92324609,30.6,24,58.5,38.6,24.9
6.3,72.73276371,135.5,52.79626112,30.6,23.9,58.4,38.6,24.9
6.31666667,72.04489607,134.9,52.66927653,30.6,23.9,58.3,38.5,24.9
6.33333333,71.42869352,134.3,52.66927653,30.6,23.9,58.1,38.5,24.9
6.35,70.98441461,133.8,52.54229229,30.55,23.9,58,38.5,24.9
6.36666667,70.36778021,133.3,52.54229229,30.5,23.9,57.9,38.4,24.9
6.38333333,69.62853063,132.6,52.41530834,30.45,23.9,57.7,38.4,24.9
6.4,69.18373263,132.1,52.28832466,30.45,23.85,57.6,38.3,24.9
6.41666667,68.56631888,131.4,52.16134119,30.35,23.85,57.5,38.3,24.9
6.43333333,67.99864477,130.9,52.16134119,30.35,23.85,57.3,38.2,24.9
6.45,67.38071001,130.4,52.0343579,30.35,23.85,57.2,38.2,24.9
6.46666667,66.81251433,129.7,52.0343579,30.35,23.85,57,38.2,24.9
6.48333333,66.19405744,129.2,51.90737475,30.3,23.8,56.9,38.1,24.9
6.5,108.2,128.6,51.78039169,30.25,23.85,56.8,38.1,24.9
6.51666797,107.8,128,51.78039169,30.2,23.8,56.6,38,24.9
6.53333464,107.4,127.4,51.65340869,30.2,23.8,56.5,38,24.9
6.55000131,107,126.9,51.65340869,30.2,23.85,56.4,38,24.9
6.56666798,106.6,126.4,51.52642571,30.2,23.8,56.2,37.9,24.9
6.58333465,106.2,125.9,51.52642571,30.15,23.85,56.1,37.9,24.9
6.60000132,105.7,125.3,51.39944271,30.15,23.8,56,37.9,24.9
6.61666799,105.4,124.7,51.27245964,30.05,23.75,55.8,37.8,24.9
6.63333466,104.9,124.1,51.27245964,30.05,23.7,55.7,37.8,24.8
6.65000133,104.5,123.6,51.14547647,30,23.7,55.6,37.7,24.8
6.666668,104.3,123.1,51.01849316,30,23.75,55.4,37.7,24.8
6.68333467,103.8,122.6,50.89150966,30,23.75,55.3,37.6,24.8
6.70000134,103.4,122.1,50.89150966,29.95,23.7,55.2,37.6,24.8
6.71666801,103,121.5,50.76452595,29.9,23.7,55.1,37.6,24.8
6.73333468,102.6,121,50.63754197,29.9,23.65,54.9,37.5,24.7
6.75000135,102.3,120.5,50.63754197,29.85,23.65,54.8,37.5,24.7
6.76666802,102,119.9,50.63754197,29.85,23.65,54.6,37.5,24.7
6.78333469,101.5,119.5,50.5105577,29.8,23.65,54.5,37.4,24.7
6.80000136,101.1,118.9,50.38357309,29.75,23.65,54.4,37.4,24.7
6.81666803,100.8,118.5,50.38357309,29.75,23.65,54.3,37.3,24.7
6.8333347,100.4,118,50.2565881,29.75,23.65,54.1,37.3,24.7
6.85000137,99.9,117.4,50.2565881,29.75,23.55,54,37.3,24.6
6.86666804,99.6,117,50.1296027,29.75,23.55,53.9,37.2,24.7
6.88333471,99.2,116.5,50.1296027,29.6,23.5,53.7,37.2,24.7
6.90000138,98.8,115.9,50.00261684,29.65,23.5,53.6,37.1,24.6
6.91666805,98.4,115.5,50.00261684,29.6,23.5,53.5,37.1,24.6
6.93333472,98.1,115.1,49.8756305,29.55,23.45,53.4,37.1,24.6
6.95000139,97.8,114.5,49.8756305,29.55,23.45,53.2,37,24.6
6.96666806,97.4,114,49.74864363,29.55,23.45,53.1,37,24.6
6.98333473,97,113.5,49.74864363,29.5,23.45,53,37,24.6
7.0000014,96.6,113,49.74864363,29.5,23.4,52.8,36.9,24.5
7.01666807,96.4,112.7,49.62165619,29.45,23.35,52.7,36.9,24.5
7.03333474,96,112.2,49.62165619,29.45,23.4,52.6,36.9,24.5
7.05000141,95.6,111.7,49.49466814,29.4,23.4,52.5,36.8,24.5
7.06666808,95.2,111.3,49.36767946,29.4,23.35,52.4,36.8,24.4
7.08333475,95,110.7,49.36767946,29.4,23.3,52.2,36.8,24.4
7.10000142,94.5,110.3,49.2406901,29.3,23.25,52.1,36.7,24.3
7.11666809,94,109.9,49.2406901,29.25,23.25,52,36.7,24.3
7.13333476,93.5,109.5,49.11370002,29.25,23.25,51.8,36.6,24.3
7.15000143,93.1,109,49.11370002,29.25,23.2,51.7,36.6,24.2
7.1666681,92.6,108.5,48.98670919,29.25,23.2,51.6,36.6,24.2
7.18333477,92.1,108.1,48.98670919,29.15,23.2,51.5,36.5,24.2
7.20000144,91.6,107.7,48.85971758,29.15,23.1,51.3,36.5,24.1
7.21666811,91.2,107.2,48.73272513,29.15,23.1,51.2,36.4,24.1
7.23333478,90.8,106.8,48.73272513,29.05,23.1,51.1,36.4,24.1
7.25000145,90.4,106.4,48.60573183,29.05,23.05,51,36.4,24
7.26666812,89.9,105.9,48.47873763,29,23.05,50.9,36.3,24
7.28333479,89.5,105.5,48.47873763,29,23,50.7,36.3,23.9
7.30000146,89.1,105.1,48.3517425,28.9,23,50.6,36.2,23.9
7.31666813,88.7,104.7,48.22474639,28.9,22.95,50.5,36.2,23.8
7.3333348,88.3,104.2,48.09774929,28.9,22.95,50.4,36.1,23.8
7.35000147,87.8,103.8,48.09774929,28.85,22.95,50.3,36.1,23.8
7.36666814,87.4,103.4,47.97075114,28.8,22.95,50.1,36,23.8
7.38333481,87,102.9,47.84375192,28.8,22.85,50,36,23.7
7.40000148,86.6,102.6,47.84375192,28.75,22.85,49.9,35.9,23.7
7.41666815,86.3,102.2,47.58975011,28.7,22.85,49.8,35.9,23.7
7.43333482,85.9,101.7,47.46274746,28.65,22.85,49.6,35.8,23.7
7.45000149,85.6,101.4,47.46274746,28.6,22.75,49.5,35.8,23.6
7.46666816,85.3,101,47.33574359,28.55,22.75,49.4,35.7,23.6
7.48333483,84.9,100.5,47.33574359,28.55,22.7,49.3,35.7,23.5
7.5000015,84.6,100.1,47.20873847,28.5,22.7,49.2,35.6,23.5
,84.2,,,,,,,
,83.9,,,,,,,
,83.7,,,,,,,
,83.4,,,,,,,
,83,,,,,,,
,82.7,,,,,,,
,82.4,,,,,,,
,82,,,,,,,
,81.7,,,,,,,
,80.5,,,,,,,
,80.7,,,,,,,
,80.1,,,,,,,
,79.6,,,,,,,
,78.9,,,,,,,
,78.3,,,,,,,
,77.7,,,,,,,
,76.5,,,,,,,
,74.3,,,,,,,
,73.9,,,,,,,
,72.8,,,,,,,
,71.1,,,,,,,
,70.8,,,,,,,
,70,,,,,,,
,68.9,,,,,,,
,68.5,,,,,,,
,65.9,,,,,,,
,64.2,,,,,,,
,62.2,,,,,,,
,59.9,,,,,,,
,57.8,,,,,,,
,56.8,,,,,,,
,56.4,,,,,,,
,55.8,,,,,,,
,55.3,,,,,,,
,55.2,,,,,,,
,54.9,,,,,,,
,53.7,,,,,,,
,54.2,,,,,,,
,54,,,,,,,
,53.8,,,,,,,
,53.4,,,,,,,
,53.3,,,,,,,
,53,,,,,,,
,52.7,,,,,,,
,52.5,,,,,,,
,52.1,,,,,,,
,51.9,,,,,,,
,51.7,,,,,,,
,51.5,,,,,,,
,50.9,,,,,,,
,50.9,,,,,,,
,50.8,,,,,,,
,50.6,,,,,,,
,50.4,,,,,,,
,49.5,,,,,,,
,49.4,,,,,,,
,49.6,,,,,,,
,49.5,,,,,,,
,49.4,,,,,,,
,48.9,,,,,,,
,48.8,,,,,,,
,48,,,,,,,
,47.7,,,,,,,
,48.2,,,,,,,
,47.9,,,,,,,
,47.6,,,,,,,
,47.3,,,,,,,
,46.4,,,,,,,
,46.3,,,,,,,
,46,,,,,,,
,45.6,,,,,,,
,45.4,,,,,,,
,45.1,,,,,,,
,44.8,,,,,,,
,44.4,,,,,,,
,44.1,,,,,,,
,43.9,,,,,,,
,43.7,,,,,,,
,43.3,,,,,,,
,43.2,,,,,,,
,43,,,,,,,
,42.8,,,,,,,
,42.5,,,,,,,
,42.3,,,,,,,
,42.1,,,,,,,
,42,,,,,,,
,41.8,,,,,,,
,41.1,,,,,,,
,41.3,,,,,,,
,39.3,,,,,,,
,38.6,,,,,,,
,39.9,,,,,,,
,38.1,,,,,,,
,37.8,,,,,,,
,37.6,,,,,,,
,37.2,,,,,,,
,37,,,,,,,
,39.3,,,,,,,
,39,,,,,,,
,38.8,,,,,,,
,38.6,,,,,,,
,38.4,,,,,,,
,38.1,,,,,,,
,36.5,,,,,,,
,36.3,,,,,,,
,36.2,,,,,,,
,36,,,,,,,
,35.8,,,,,,,
,35.6,,,,,,,
,35.4,,,,,,,
,37,,,,,,,
,36.8,,,,,,,
,36.5,,,,,,,
,36.4,,,,,,,
,36.2,,,,,,,
,36,,,,,,,
,36.3,,,,,,,
,34.6,,,,,,,
,34.6,,,,,,,
,35.5,,,,,,,
,34.1,,,,,,,
,32.3,,,,,,,
,32.1,,,,,,,
,34.9,,,,,,,
,34.8,,,,,,,
,34.5,,,,,,,
,34.3,,,,,,,
,34.2,,,,,,,
,34,,,,,,,
,33.9,,,,,,,
,33.8,,,,,,,
,33.8,,,,,,,
,33.6,,,,,,,
,33.3,,,,,,,
,31.7,,,,,,,
,34.2,,,,,,,
,33.9,,,,,,,
,34.1,,,,,,,
,33.5,,,,,,,
,33.5,,,,,,,
,33.3,,,,,,,
,33,,,,,,,
,32.7,,,,,,,
,32.6,,,,,,,
,32.8,,,,,,,
,33.4,,,,,,,
,33.4,,,,,,,
,33,,,,,,,
,32.7,,,,,,,
,32.1,,,,,,,
,30.8,,,,,,,
,30.5,,,,,,,
,30.8,,,,,,,
,30.6,,,,,,,
,30.4,,,,,,,
,30.3,,,,,,,
,30.3,,,,,,,
,30.3,,,,,,,
,30.3,,,,,,,
,30.3,,,,,,,
,30.1,,,,,,,
,30,,,,,,,
,29.9,,,,,,,
,29.9,,,,,,,
,29.8,,,,,,,
,29.8,,,,,,,
,29.7,,,,,,,
,29.6,,,,,,,
,29.5,,,,,,,
,29.5,,,,,,,
,29.4,,,,,,,
,29.4,,,,,,,
,29.2,,,,,,,
,29.1,,,,,,,
,29.1,,,,,,,
,29.1,,,,,,,
,29.1,,,,,,,
,29.1,,,,,,,
,28.9,,,,,,,
,28.8,,,,,,,
,28.8,,,,,,,
,28.6,,,,,,,
,28.5,,,,,,,
,28.3,,,,,,,
,28.3,,,,,,,
,28.2,,,,,,,
,28.1,,,,,,,
,28.1,,,,,,,
,28.1,,,,,,,
,28,,,,,,,
,27.9,,,,,,,
,27.9,,,,,,,
,27.8,,,,,,,
,27.8,,,,,,,
,27.7,,,,,,,
,27.4,,,,,,,
,27.6,,,,,,,
,27.5,,,,,,,
,27.4,,,,,,,
,27.3,,,,,,,
,27.3,,,,,,,
,27.3,,,,,,,
,27.2,,,,,,,
,27.2,,,,,,,
,27.2,,,,,,,
,27.2,,,,,,,
,27.1,,,,,,,
,27,,,,,,,
,26.9,,,,,,,
,26.9,,,,,,,
,26.9,,,,,,,
,26.9,,,,,,,
,26.8,,,,,,,
,26.7,,,,,,,
,26.7,,,,,,,
,26.6,,,,,,,
,26.5,,,,,,,
,26.5,,,,,,,
,26.4,,,,,,,
,26.4,,,,,,,
,26.3,,,,,,,
,26.3,,,,,,,
,26.2,,,,,,,
,26.4,,,,,,,
,25.9,,,,,,,
,25.7,,,,,,,
,25.5,,,,,,,
,25.5,,,,,,,
,24.8,,,,,,,
,23.5,,,,,,,
,25.6,,,,,,,
,26.2,,,,,,,
,24.4,,,,,,,
,23.7,,,,,,,
,23.7,,,,,,,
,23.8,,,,,,,
,23.8,,,,,,,
,23.9,,,,,,,
,23.8,,,,,,,
,23.7,,,,,,,
,23.8,,,,,,,
,24,,,,,,,
,24,,,,,,,
,23.9,,,,,,,
,23.8,,,,,,,
,23.8,,,,,,,
,23.7,,,,,,,
,23.8,,,,,,,
,23.8,,,,,,,
,23.8,,,,,,,
,23.8,,,,,,,
,23.7,,,,,,,
,23.7,,,,,,,
,23.6,,,,,,,
,23.3,,,,,,,
,23.5,,,,,,,
,23.4,,,,,,,
,23.4,,,,,,,
,23.2,,,,,,,
,23.3,,,,,,,
,23.4,,,,,,,
,23.4,,,,,,,
,23.4,,,,,,,
,23.3,,,,,,,
,23.3,,,,,,,
,23.3,,,,,,,
,22.9,,,,,,,
,22.8,,,,,,,
,23,,,,,,,
,23,,,,,,,
,23,,,,,,,
,22.9,,,,,,,
,22.9,,,,,,,
,22.7,,,,,,,
,22.5,,,,,,,
,22.2,,,,,,,