time,contact_50fp,20cm_50fp,40cm_50fp,60cm_50fp,contact_50road,20cm_50road,40cm_50road,60cm_50road
0,21.1,18.1,17.4,17.3,7.7,,,
0.01666667,1052,17.4,16.5,16.3,284.9,,,
0.03333333,1145,16.9,16,15.6,1017,,,
0.05,1159,16.8,16.2,15.9,1141,,,
0.06666667,1167,17,16.6,16.5,1117,,,
0.08333333,1160,17,16.9,16.9,1138,,,
0.1,1149,17.2,17.2,17.4,1155,,,
0.11666667,1137,17.2,17.5,17.7,958.7,263.6,21.1,25.5
0.13333333,1125,17.2,17.6,17.9,951.2,167.9,22.4,27.6
0.15,1113,17.2,17.7,18.1,964.6,162.3,23.3,29.2
0.16666667,1102,17.1,17.8,18.4,972.5,153.8,22.3,29
0.18333333,1091,17.3,17.9,18.7,954.4,168.6,22.7,29.9
0.2,1081,17.3,18,19,951.8,168,22.7,30.2
0.21666667,1072,17.1,17.8,19.1,950.6,165.3,22.5,30.3
0.23333333,1063,17.2,17.9,19.4,949.2,162.2,22.4,30.3
0.25,1055,17.1,17.9,19.7,907.3,198,22.3,30.3
0.26666667,1046,17.5,27.3,21.4,860.9,239.5,22.1,30.1
0.28333333,1039,17.6,20.2,18.9,826.2,269.5,22,30.1
0.3,1032,20,21,18.8,868.7,224.7,22,30.1
0.31666667,1024,18.2,18.6,19.4,893.6,194.2,21.9,30
0.33333333,1018,18.6,18.4,18.3,981.4,106.3,21.8,29.8
0.35,1011,18.2,17.8,17.9,976.3,106.9,21.8,29.8
0.36666667,1005,18.3,17.7,18.1,976.5,102.2,21.8,29.7
0.38333333,998.6,18.3,17.6,18.1,977.6,96.6,21.7,29.5
0.4,992.4,18.4,17.6,18.3,970.1,99.4,21.5,29.3
0.41666667,986.4,18.4,17.6,18.5,972.5,93,21.9,29.6
0.43333333,980.5,18.5,17.6,18.7,968.8,92.1,21.3,28.9
0.45,974.6,18.6,17.6,18.8,965.5,90.8,21.2,28.7
0.46666667,968.8,18.7,17.5,18.9,964,87.5,20.9,28.4
0.48333333,963.2,18.8,17.5,19,961.6,86.1,20.9,28.3
0.5,957.6,18.9,17.5,19.2,957.3,85.9,20.7,28.1
0.51666667,952.1,19,17.5,19.4,951.9,86.8,20.7,27.9
0.53333333,946.7,19.2,17.5,19.5,943.9,89.6,20.7,27.8
0.55,941.5,19.3,17.5,19.8,951.5,78.6,20.5,27.6
0.56666667,936.4,19.5,17.6,20.1,945.1,80.3,20.4,27.4
0.58333333,931.3,19.7,17.6,20.2,945.3,76.1,20.4,27.3
0.6,926.3,19.8,17.6,20.4,926.3,89.4,20.2,27.1
0.61666667,921.4,20,17.6,20.6,917.2,93.8,20.2,26.9
0.63333333,916.6,20.2,17.7,20.7,915.1,91.5,20.1,26.8
0.65,911.8,20.3,17.7,21,909.9,92.5,20,26.6
0.66666667,907.1,20.6,17.8,21.2,914.9,83.5,20,26.5
0.68333333,902.5,20.9,17.8,21.4,914.5,79.8,19.9,26.3
0.7,897.9,21.2,17.9,21.5,912.9,77.3,19.9,26.2
0.71666667,893.1,21.5,18,21.7,907.6,78,19.7,26
0.73333333,888.7,21.9,18.2,21.9,902.5,78.8,19.7,25.9
0.75,884.5,22.2,18.1,22,899.9,77.1,19.6,25.7
0.76666667,880.6,22.6,18.3,22.2,895.8,76.7,19.6,25.6
0.78333333,876.4,22.9,18.3,22.3,894.2,73.9,19.5,25.4
0.8,872.3,23.3,18.4,22.4,890.4,73.2,19.4,25.3
0.81666667,868.2,23.8,18.5,22.5,881.5,78.7,19.5,25.3
0.83333333,864.2,24.2,18.6,22.7,878,77.5,19.6,24.9
0.85,860.1,24.7,18.7,22.8,871.9,79.7,19.3,24.9
0.86666667,856.2,25.2,18.8,22.9,883.9,63.9,19.3,25.2
0.88333333,852.3,25.7,18.8,23,873.2,72.2,20.4,25.9
0.9,848.3,26.2,18.9,23,870.5,73.7,22.6,28
0.91666667,844.6,26.8,19,23.1,868.7,71.6,22.5,27.9
0.93333333,840.8,27.4,19,23.1,861.5,74.6,22.5,27.8
0.95,837.1,27.9,19.1,23.2,858.8,73.4,22.5,27.6
0.96666667,833.5,28.5,19.2,23.3,852.6,75.9,22.4,27.5
0.98333333,829.9,29.2,19.3,23.4,852.2,72.3,22.3,27.3
1,826.2,29.8,19.4,23.3,854.2,67.1,22.3,27.3
1.01666667,822.7,30.4,19.5,23.4,855.9,62.1,22.3,27.1
1.03333333,819.2,31.1,19.5,23.5,852.5,61.9,22.4,27.1
1.05,815.7,31.8,19.7,23.5,850.1,60.7,22.3,26.9
1.06666667,812.3,32.4,19.7,23.5,848.1,59.2,22.2,26.8
1.08333333,808.9,33.1,19.7,23.5,846.6,57.4,22.2,26.7
1.1,805.5,33.7,19.9,23.6,842.6,57.7,22.1,26.5
1.11666667,802.1,34.3,20,23.6,834.7,62.1,22,26.4
1.13333333,798.8,34.9,20.1,23.6,832.1,61.5,22.2,26.4
1.15,795.5,35.5,20.2,23.6,827.1,63.1,22.2,26.3
1.16666667,792.3,36,20.2,23.6,827.1,60.1,22.3,26.3
1.18333333,789.2,36.7,20.4,23.7,821.3,62.4,22.3,26.2
1.2,785.9,37.2,20.5,23.7,820,60.7,22.2,26.1
1.21666667,782.7,37.7,20.5,23.7,820.1,57.5,22.1,25.9
1.23333333,779.6,38.2,20.5,23.7,831.1,43.9,22.1,25.8
1.25,776.5,38.8,20.7,23.7,822.4,49.1,22.1,25.6
1.26666667,773.4,39.3,20.8,23.6,819.4,49.1,21.8,25.4
1.28333333,770.4,39.9,20.9,23.7,816.5,48.9,21.9,25.3
1.3,767.4,40.2,20.9,23.7,815.3,46.9,22,25.3
1.31666667,764.3,40.7,21,23.7,810.6,49.1,22,25.2
1.33333333,761.3,41.2,21.1,23.7,807.1,49.4,21.8,25
1.35,758.4,41.6,21.3,23.7,803.6,50,21.9,25
1.36666667,755.5,42.1,21.4,23.7,802.9,47.7,21.9,24.9
1.38333333,752.5,42.5,21.4,23.7,796.5,51.2,21.8,24.8
1.4,749.6,42.9,21.4,23.7,794.8,50,21.8,24.7
1.41666667,746.7,43.3,21.6,23.6,790.1,52,21.8,24.6
1.43333333,743.8,43.7,21.6,23.7,784.8,54.2,21.7,24.4
1.45,740.9,44.1,21.7,23.7,783.6,52.5,21.8,24.4
1.46666667,738.1,44.6,21.9,23.7,781.5,52,21.9,24.4
1.48333333,735.3,45,22,23.7,771.3,58.8,21.8,24.2
1.5,732.5,45.4,22,23.7,775,52.9,21.9,24.2
1.51666667,729.7,45.8,22.1,23.6,774.3,50.9,22,24.3
1.53333333,727,46.1,22.2,23.6,772.5,50,22,24.2
1.55,724.4,46.4,22.3,23.6,769,50.4,21.9,24
1.56666667,721.6,46.8,22.4,23.5,765.9,50.7,21.9,23.8
1.58333333,718.9,47.1,22.4,23.5,763.4,50.6,21.8,23.7
1.6,716.2,47.5,22.5,23.4,760.1,51,21.7,23.5
1.61666667,713.6,47.9,22.7,23.5,760.2,48.4,21.9,23.7
1.63333333,711,48.2,22.7,23.5,757.2,48.6,21.8,23.5
1.65,708.2,48.5,22.7,23.4,753.2,49.9,21.8,23.3
1.66666667,705.6,48.8,22.8,23.4,738.7,60.5,21.7,23.2
1.68333333,703,49.2,22.9,23.4,735.9,61.3,21.6,23.1
1.7,700.5,49.5,23,23.4,737.4,57,21.6,22.9
1.71666667,697.8,49.8,23.1,23.4,734,57.9,21.5,22.8
1.73333333,695.2,50.1,23.2,23.4,735.8,53.5,21.6,22.7
1.75,692.6,50.3,23.2,23.3,732.2,54.7,21.6,22.8
1.76666667,690.1,50.6,23.3,23.4,728.9,55.1,21.6,22.5
1.78333333,687.6,50.9,23.5,23.4,727.7,53.8,21.6,22.5
1.8,685,51.1,23.4,23.3,724.6,54.3,21.5,22.4
1.81666667,682.4,51.3,23.5,23.2,721.6,54.8,21.6,22.4
1.83333333,679.9,51.6,23.6,23.2,716.5,57.1,21.6,22.3
1.85,677.5,51.9,23.8,23.3,712.6,58.4,21.7,22.2
1.86666667,675,52.1,23.8,23.2,711.9,56.7,21.7,22.2
1.88333333,672.5,52.3,23.9,23.3,707.1,58.5,21.7,22.2
1.9,670,52.6,24,23.2,707.9,55.2,21.8,22.2
1.91666667,667.6,52.8,24,23.2,697.8,62.3,21.6,21.9
1.93333333,665.2,53.1,24.2,23.2,692.8,65.1,21.7,21.9
1.95,662.8,53.3,24.3,23.3,693.7,61.5,21.8,21.8
1.96666667,660.4,53.5,24.3,23.2,691.6,61.1,21.8,21.8
1.98333333,658,53.7,24.4,23.2,688.4,61.6,21.7,21.7
2,655.6,53.9,24.4,23.2,690.7,56.7,21.7,21.6
2.01666667,653.2,54.1,24.6,23.2,688.1,56.8,21.7,21.6
2.03333333,650.8,54.2,24.6,23.1,685.6,56.6,21.6,21.4
2.05,648.5,54.5,24.8,23.2,678.3,61,21.7,21.3
2.06666667,646.2,54.7,24.8,23.1,676.1,60.9,21.6,21.2
2.08333333,643.8,54.8,24.8,23,671,63.5,21.6,21.2
2.1,641.6,55,24.9,23.1,667.8,64.1,21.7,21.1
2.11666667,639.3,55.2,25,23.1,664.7,64.8,21.6,21
2.13333333,636.9,55.3,25.1,23.1,662.3,64.8,21.6,20.9
2.15,634.7,55.5,25.2,23.1,660.4,64.2,21.6,20.9
2.16666667,632.4,55.7,25.3,23.2,657.9,64.1,21.6,20.7
2.18333333,630,55.8,25.4,23.2,655.4,64.3,21.7,20.8
2.2,627.8,56,25.5,23.2,651.9,65.3,21.7,20.8
2.21666667,625.6,56,25.5,23.1,649.1,65.6,21.8,20.7
2.23333333,623.4,56.2,25.6,23.1,646.1,66,21.7,20.6
2.25,621.1,56.3,25.7,23,642.7,66.8,21.6,20.4
2.26666667,618.9,56.5,25.7,23,641.5,65.7,21.7,20.3
2.28333333,616.8,56.6,25.8,23.1,638.3,66.3,21.6,20.3
2.3,614.5,56.7,25.8,23,634,68.2,21.6,20.2
2.31666667,612.4,56.8,25.9,23,629.4,70.6,21.6,20.1
2.33333333,610.3,57,26.1,23.1,626.5,70.8,21.6,20.1
2.35,608.1,57,26,23,626.1,68.7,21.6,20
2.36666667,605.9,57.2,26.2,23,623.9,68.4,21.6,19.9
2.38333333,603.8,57.3,26.2,23,621.6,68.4,21.6,20
2.4,601.7,57.4,26.3,23,617.9,69.5,21.6,19.8
2.41666667,599.6,57.5,26.4,23,613.5,71.6,21.6,19.7
2.43333333,597.5,57.6,26.5,23,610.1,72.4,21.6,19.7
2.45,595.4,57.7,26.5,23,611.2,69,21.7,19.6
2.46666667,593.3,57.7,26.6,23,608.6,69.2,21.7,19.6
2.48333333,591.3,57.9,26.7,23.1,606.3,69.2,21.8,19.7
2.5,589.3,57.9,26.8,23.1,604,69.1,21.8,19.6
2.51666667,587.2,58,26.8,23.1,601.7,69,21.8,19.5
2.53333333,585.2,58.1,26.9,23.2,599.3,69.1,21.9,19.6
2.55,583.2,58.2,27,23.1,597,69,21.8,19.4
2.56666667,581.1,58.3,27.2,23.1,595,68.6,21.9,19.4
2.58333333,579,58.3,27.2,23.1,592.7,68.7,21.9,19.4
2.6,576.9,58.3,27.2,23,590.4,68.6,21.8,19.2
2.61666667,574.9,58.4,27.3,23,587.8,68.9,21.9,19.2
2.63333333,572.9,58.4,27.3,23,585.6,68.8,21.8,19
2.65,571,58.6,27.4,23.1,583.3,68.7,21.8,18.9
2.66666667,569,58.6,27.5,23.1,581.6,68.2,21.7,18.9
2.68333333,566.9,58.6,27.5,23,579.4,68.2,21.8,18.9
2.7,564.9,58.7,27.6,23,577.1,68.2,21.8,18.8
2.71666667,562.9,58.7,27.6,23,575.6,67.5,21.9,18.8
2.73333333,561,58.9,27.8,23.1,572.5,68.2,21.7,18.6
2.75,559,58.9,27.8,23.1,570.1,68.5,21.8,18.7
2.76666667,557.1,59,27.9,23.1,567.7,68.5,21.7,18.6
2.78333333,555.1,59,28,23.1,565.5,68.5,21.8,18.5
2.8,553.1,58.9,28,23.1,563.5,68.3,21.7,18.4
2.81666667,551.2,59,28,23.1,560.5,69,21.7,18.3
2.83333333,549.3,59.1,28.2,23.1,558.2,69.2,21.7,18.3
2.85,547.3,59.1,28.2,23.1,555.7,69.7,21.7,18.3
2.86666667,545.4,59.2,28.3,23.1,552.1,70.8,21.7,18.2
2.88333333,543.6,59.2,28.3,23.1,550.8,70.1,21.8,18.2
2.9,541.7,59.2,28.3,23.1,549.4,69.3,21.7,18.1
2.91666667,539.8,59.2,28.4,23,547.6,69,21.7,18
2.93333333,538,59.3,28.5,23.1,546,68.5,21.7,17.9
2.95,536.2,59.3,28.6,23.1,544.1,68.4,21.7,17.9
2.96666667,534.3,59.4,28.6,23.1,542.1,68.2,21.8,17.9
2.98333333,532.5,59.4,28.6,23.1,540.1,68.2,21.8,17.8
3,530.7,59.4,28.6,23,537.9,68.3,21.8,17.7
3.01666667,528.7,59.4,28.7,23,536,68.2,21.8,17.7
3.03333333,526.9,59.4,28.8,23,534.1,68,21.8,17.7
3.05,525.1,59.5,28.8,23.1,532.3,67.9,21.8,17.6
3.06666667,523.3,59.6,28.9,23.1,529.7,68.4,21.7,17.5
3.08333333,521.6,59.6,29.1,23.2,527.8,68.4,21.8,17.5
3.1,519.7,59.6,29,23.1,525.9,68.2,21.8,17.5
3.11666667,518,59.6,29,23.1,524.1,68.1,21.8,17.4
3.13333333,516.3,59.6,29.2,23.1,522.2,68,21.8,17.4
3.15,514.5,59.7,29.2,23.1,520.3,67.9,21.8,17.4
3.16666667,512.8,59.7,29.2,23.1,523.2,63.1,21.8,17.3
3.18333333,511.2,59.7,29.4,23.1,521.3,63.1,21.9,17.3
3.2,509.5,59.7,29.4,23.1,519.3,63.1,21.9,17.2
3.21666667,507.8,59.7,29.4,23.1,517.5,63.1,21.9,17.2
3.23333333,505.7,59.7,29.4,23,515.7,63,21.9,17.2
3.25,503.9,59.7,29.4,23,513.7,63.1,21.9,17.2
3.26666667,502.3,59.8,29.5,23.1,511.5,63,21.8,17.1
3.28333333,500.6,59.8,29.6,23.1,509.6,62.9,21.8,17
3.3,498.9,59.8,29.7,23.1,507.8,62.8,21.8,16.9
3.31666667,497.2,59.7,29.7,23.1,506,62.9,21.9,17
3.33333333,495.5,59.7,29.7,23.1,504.2,62.8,22,17
3.35,493.9,59.8,29.8,23.1,502.3,62.7,21.9,16.9
3.36666667,492.3,59.8,29.9,23.2,500.6,62.7,21.9,16.8
3.38333333,490.7,59.8,30,23.2,498.8,62.6,22,16.8
3.4,489,59.8,30,23.2,497,62.5,21.9,16.7
3.41666667,487.4,59.9,30.1,23.2,495.2,62.5,21.9,16.7
3.43333333,485.7,59.8,30.1,23.2,492.7,63.2,21.9,16.7
3.45,484.1,59.8,30.2,23.2,489.2,64.8,21.9,16.7
3.46666667,482.5,59.9,30.3,23.3,486,66.3,22,16.6
3.48333333,480.9,59.9,30.3,23.3,484.1,66.4,21.9,16.6
3.5,479.3,59.9,30.4,23.3,481,67.9,22,16.6
3.51666667,477.8,59.9,30.4,23.4,479.3,67.9,22,16.6
3.53333333,476.2,59.9,30.5,23.4,478.1,67.2,22,16.5
3.55,474.5,59.7,30.5,23.3,476.5,67.1,22.1,16.5
3.56666667,473.1,59.8,30.6,23.4,474.3,67.5,22,16.4
3.58333333,471.5,59.7,30.6,23.4,472.7,67.5,22,16.4
3.6,469.9,59.7,30.6,23.4,471.1,67.3,22,16.3
3.61666667,468.3,59.7,30.6,23.4,473.4,63.3,21.9,16.3
3.63333333,466.8,59.7,30.7,23.4,471.3,63.6,22,16.3
3.65,465.3,59.7,30.8,23.4,469.6,63.6,22,16.2
3.66666667,463.8,59.7,30.8,23.5,468.3,63.3,22.1,16.2
3.68333333,462.3,59.7,30.9,23.5,466.7,63.2,22,16.2
3.7,460.8,59.6,30.9,23.5,465,63.2,22,16.2
3.71666667,459.2,59.5,31,23.5,463.4,63.2,22.1,16.2
3.73333333,457.7,59.5,31,23.5,461.9,63.1,22.2,16.2
3.75,456.2,59.5,31,23.5,460.3,63.1,22.2,16.2
3.76666667,454.8,59.6,31.1,23.6,458.7,62.9,22.1,16.1
3.78333333,453.3,59.6,31.1,23.6,457.1,62.8,22.1,16.1
3.8,451.8,59.5,31.2,23.6,456.3,63.2,22.3,16.1
3.81666667,450.3,59.4,31.2,23.5,454.8,63.1,22.3,16.1
3.83333333,448.9,59.5,31.2,23.5,453.3,62.9,22.3,16.1
3.85,447.4,59.4,31.2,23.5,451.8,62.9,22.4,16.2
3.86666667,446,59.4,31.2,23.5,450.4,62.8,22.5,16.2
3.88333333,444.6,59.4,31.3,23.6,448.8,62.6,22.3,16
3.9,443.2,59.4,31.4,23.6,450.6,59.2,22.4,16
3.91666667,441.8,59.3,31.4,23.6,449,59,22.2,15.9
3.93333333,440.3,59.4,31.5,23.6,447.5,59,22.3,16
3.95,438.9,59.3,31.5,23.7,447.5,57.2,22.2,15.8
3.96666667,437.7,59.3,31.6,23.8,446.1,57,22.2,15.8
3.98333333,436.3,59.2,31.6,23.7,444.6,56.9,22.2,15.7
4,434.9,59.2,31.7,23.8,443.1,56.9,22.2,15.7
4.01666667,433.4,59.3,31.8,23.9,441.6,56.9,22.2,15.8
4.03333333,432.1,59.3,31.9,23.9,440.2,56.9,22.4,15.8
4.05,430.7,59.1,31.7,23.8,438.7,56.7,22.2,15.6
4.06666667,429.4,59.1,31.8,23.8,437.1,56.7,22.2,15.7
4.08333333,428,59,31.8,23.8,435.7,56.6,22.2,15.6
4.1,426.5,59.1,31.8,23.8,434.1,56.7,22.3,15.6
4.11666667,425,59.1,31.9,23.8,432.7,56.5,22.3,15.6
4.13333333,423.7,59.1,31.9,23.8,431.3,56.5,22.3,15.6
4.15,422.4,59.1,32,23.9,429.9,56.4,22.3,15.6
4.16666667,421,59.1,32,23.9,428.5,56.3,22.3,15.5
4.18333333,419.7,59,32,23.9,427.1,56.2,22.3,15.5
4.2,418.4,59,32.1,24,425.7,56.1,22.3,15.5
4.21666667,417.1,59,32.2,24,424.3,56,22.3,15.5
4.23333333,415.8,59,32.2,24,422.9,56,22.3,15.5
4.25,414.4,58.9,32.1,23.9,421.5,55.8,22.4,15.5
4.26666667,413.1,58.8,32.2,24,420.1,55.7,22.3,15.5
4.28333333,411.8,58.8,32.2,24.1,418.8,55.6,22.3,15.4
4.3,410.5,58.8,32.3,24.1,417.3,55.5,22.2,15.3
4.31666667,409.2,58.7,32.3,24,416,55.4,22.2,15.2
4.33333333,407.9,58.7,32.3,24.1,413,56.8,22.2,15.2
4.35,406.7,58.6,32.3,24,411.6,56.8,22.1,15.1
4.36666667,405.4,58.6,32.3,24.1,410.3,56.7,22.1,15.2
4.38333333,404.2,58.5,32.4,24,409,56.7,22.2,15.2
4.4,402.9,58.4,32.4,24.1,407.6,56.6,22.2,15.1
4.41666667,401.8,58.2,32.3,24,406.2,56.3,21.9,15
4.43333333,400.6,58.2,32.4,24,405,56.6,22.4,15.3
4.45,399.4,58.1,32.4,24,390,69.9,22.3,15.2
4.46666667,398.2,58.2,32.5,24,388.3,69.9,22,14.9
4.48333333,396.9,58.1,32.5,24,386.3,70.8,22.3,15.1
4.5,395.7,58,32.5,24.1,384.7,71,22.3,15.1
4.51666667,394.5,58,32.5,24.1,383.2,71.2,22.3,15.1
4.53333333,393.2,58.1,32.6,24.2,381.7,71.4,22.3,15.1
4.55,392,58.1,32.6,24.3,380.1,71.5,22.2,15.1
4.56666667,390.9,58,32.7,24.3,378.5,71.7,22.2,15.1
4.58333333,389.5,58,32.7,24.3,377.1,71.7,22.2,15
4.6,388.4,57.8,32.6,24.2,375.7,71.7,22.2,15
4.61666667,387,57.9,32.7,24.3,374.3,71.6,22.1,14.9
4.63333333,386,57.7,32.7,24.2,372.9,71.7,22.2,14.9
4.65,384.9,57.7,32.7,24.2,371.6,71.8,22.3,14.9
4.66666667,383.6,57.8,32.8,24.3,370.2,71.8,22.3,15
4.68333333,382.5,57.7,32.8,24.3,369,71.8,22.3,15
4.7,381.3,57.6,32.8,24.3,367.6,71.7,22.2,14.8
4.71666667,380.2,57.6,32.9,24.4,366.3,71.7,22.2,14.8
4.73333333,379,57.6,32.9,24.4,364.9,71.8,22.2,14.8
4.75,377.9,57.5,32.9,24.4,363.7,71.8,22.2,14.8
4.76666667,376.8,57.5,32.9,24.4,362.3,71.6,22.1,14.7
4.78333333,375.6,57.5,33,24.4,361.1,71.6,22.1,14.7
4.8,374.5,57.5,33,24.4,359.8,71.6,22.1,14.7
4.81666667,373.4,57.5,33,24.5,358.6,71.4,22,14.6
4.83333333,372.2,57.3,32.9,24.4,357.5,71.3,22,14.6
4.85,371.1,57.3,32.9,24.4,356.3,71.1,22,14.6
4.86666667,369.8,57.4,33,24.5,355.2,71,22.1,14.6
4.88333333,369,57.3,33,24.5,354.1,70.9,22.1,14.7
4.9,367.8,57.3,33,24.5,352.9,70.7,22,14.5
4.91666667,366.6,57.4,33.2,24.6,356,66.4,22,14.6
4.93333333,365.5,57.4,33.2,24.7,354.8,66.2,22,14.5
4.95,364.3,57.4,33.2,24.7,353.5,66.2,21.9,14.4
4.96666667,363.2,57.3,33.2,24.7,352.2,66.1,21.8,14.3
4.98333333,362.3,57.1,33.3,24.7,351,66.1,21.8,14.3
5,361.3,57.1,33.3,24.7,349.7,66.3,21.9,14.4
5.01666667,360.2,57.1,33.3,24.8,348.6,66.2,21.9,14.3
5.03333333,359,57,33.3,24.7,347.5,66.1,22,14.4
5.05,358,56.9,33.3,24.7,346.2,66,21.9,14.3
5.06666667,357,56.9,33.4,24.8,345.1,65.9,21.8,14.3
5.08333333,355.8,56.8,33.3,24.8,351,58.7,21.9,14.3
5.1,354.9,56.8,33.4,24.8,350,58.5,21.9,14.3
5.11666667,353.8,56.7,33.3,24.7,349.1,57.9,21.7,14.1
5.13333333,352.7,56.6,33.3,24.7,348,57.9,21.7,14.1
5.15,351.7,56.6,33.3,24.7,346.9,57.8,21.7,14.1
5.16666667,350.7,56.6,33.4,24.7,345.7,57.9,21.7,14.1
5.18333333,349.7,56.5,33.3,24.6,344.3,58,21.7,14.1
5.2,348.4,56.7,33.4,24.7,343.5,57.7,21.8,14.1
5.21666667,347.5,56.6,33.4,24.7,342.2,57.7,21.7,14
5.23333333,346.5,56.7,33.5,24.8,340.9,57.8,21.7,14.1
5.25,345.5,56.6,33.5,24.8,339.7,57.8,21.7,14.1
5.26666667,344.4,56.6,33.5,24.8,338.6,57.8,21.7,14.1
5.28333333,343.5,56.7,33.6,24.9,337.4,57.9,21.7,14.1
5.3,342.5,56.7,33.6,24.9,336.3,57.8,21.7,14.1
5.31666667,341.5,56.6,33.6,24.9,335.2,57.7,21.7,14.1
5.33333333,340.5,56.5,33.6,24.9,334.2,57.6,21.7,14.1
5.35,339.4,56.4,33.6,24.8,333.2,57.3,21.6,14
5.36666667,338.4,56.4,33.6,24.9,331.7,57.6,21.6,13.9
5.38333333,337.5,56.3,33.7,25,330.8,57.4,21.5,13.9
5.4,336.6,56.4,33.7,25,329.9,57.1,21.5,13.9
5.41666667,335.6,56.4,33.8,25,328.8,57.1,21.5,13.9
5.43333333,334.7,56.4,33.8,25,327.6,57.1,21.5,13.9
5.45,333.8,56.4,33.8,25,326.5,57.1,21.5,13.9
5.46666667,333,56.5,33.9,25,325.4,57.1,21.5,13.9
5.48333333,332.1,56.6,33.9,25.1,324.3,57,21.4,13.8
5.5,331.3,56.6,33.9,25.1,323.3,57,21.4,13.8
5.51666667,330.5,56.8,34,25,322.2,56.9,21.4,13.8
5.53333333,329.6,56.8,33.9,24.9,321.2,56.9,21.4,13.9
5.55,328.7,56.8,33.9,24.7,320.2,56.8,21.4,13.8
5.56666667,328,56.9,33.8,24.7,319.2,56.6,21.4,13.8
5.58333333,327.1,57,33.8,24.7,318.2,56.5,21.3,13.8
5.6,326.2,57,33.9,25,317.2,56.3,21.2,13.7
5.61666667,325.2,56.9,33.9,25,315.9,56.4,21.1,13.5
5.63333333,324.2,56.8,33.9,25.1,314.7,56.5,21.1,13.5
5.65,323.2,56.7,33.9,25.1,313.8,56.4,21.1,13.6
5.66666667,322.2,56.6,34,25.2,312.7,56.4,21.1,13.5
5.68333333,321.2,56.5,34,25.3,311.7,56.3,21.1,13.5
5.7,320.2,56.4,34,25.3,310.6,56.4,21.1,13.6
5.71666667,319.2,56.3,34,25.4,309.8,56.1,21.1,13.4
5.73333333,318.3,56.2,34.1,25.5,308.7,55.9,20.9,13.4
5.75,317.4,56.2,34.2,25.6,307.7,55.9,21,13.4
5.76666667,316.5,56.1,34.2,25.7,306.7,55.9,20.9,13.3
5.78333333,315.4,56,34.2,25.7,305.6,55.9,20.9,13.4
5.8,314.5,55.9,34.3,25.8,305.4,54.8,20.8,13.2
5.81666667,313.5,55.8,34.2,25.8,304.4,54.8,20.8,13.1
5.83333333,312.6,55.7,34.3,25.8,303.4,54.7,20.8,13.1
5.85,311.7,55.7,34.4,25.9,302.5,54.7,20.8,13.3
5.86666667,310.8,55.7,34.4,25.9,301.6,54.6,20.8,13.2
5.88333333,310,55.6,34.4,25.9,300.8,54.5,20.8,13.2
5.9,309,55.4,34.3,25.8,299.8,54.3,20.7,13.2
5.91666667,308.2,55.5,34.3,25.9,299.1,54,20.8,13.2
5.93333333,307.3,55.4,34.3,25.9,298.1,53.9,20.7,13.2
5.95,306.4,55.4,34.3,25.9,297,54,20.7,13.2
5.96666667,305.5,55.3,34.4,26,296.1,53.9,20.7,13.2
5.98333333,304.6,55.2,34.3,26,295.2,53.8,20.6,13.1
6,303.8,55.3,34.5,26.1,294.5,53.4,20.6,13.1
6.01666667,303,55.3,34.5,26.1,293.6,53.3,20.6,13.1
6.03333333,302.2,55.2,34.5,26.2,292.7,53.1,20.6,13.1
6.05,301.3,55.1,34.5,26.1,291.8,53,20.4,12.9
6.06666667,300.4,55,34.4,26.1,290.9,53.1,20.5,13
6.08333333,299.6,55,34.5,26.2,289.9,53,20.5,13
6.1,298.7,54.9,34.4,26.1,288.7,53.3,20.5,13
6.11666667,297.9,54.9,34.5,26.2,287.8,53.1,20.4,13
6.13333333,297.1,54.9,34.5,26.2,287.1,53,20.5,13
6.15,296.3,54.8,34.5,26.1,286.4,52.7,20.5,13
6.16666667,295.4,54.8,34.5,26.2,286.9,51.3,20.5,13
6.18333333,294.6,54.7,34.5,26.2,286,51.3,20.5,13
6.2,293.8,54.7,34.5,26.3,285.1,51.3,20.4,13
6.21666667,293,54.6,34.6,26.3,284.1,51.2,20.4,13
6.23333333,292.2,54.6,34.6,26.4,283.2,51.2,20.4,13
6.25,291.4,54.5,34.6,26.4,282.4,51,20.3,12.9
6.26666667,290.5,54.4,34.5,26.3,281.5,50.9,20.3,12.9
6.28333333,289.9,54.2,34.6,26.4,280.7,50.8,20.3,12.9
6.3,289.1,54.1,34.6,26.4,279.7,50.8,20.3,12.8
6.31666667,288.3,54.1,34.6,26.4,278.8,50.8,20.2,12.8
6.33333333,287.6,54.1,34.6,26.4,277.9,50.6,20.1,12.7
6.35,286.7,54,34.6,26.4,276.8,50.6,20,12.7
6.36666667,285.9,53.9,34.6,26.4,276,50.6,20,12.7
6.38333333,285.2,53.9,34.7,26.5,275.1,50.6,20,12.7
6.4,284.4,53.8,34.6,26.4,274.2,50.6,20,12.7
6.41666667,283.6,53.7,34.6,26.4,273.4,50.5,20,12.7
6.43333333,282.9,53.7,34.6,26.4,272.5,50.4,20,12.7
6.45,282.1,53.7,34.6,26.4,271.8,50.3,20,12.7
6.46666667,281.3,53.6,34.6,26.4,270.8,50.2,19.9,12.7
6.48333333,280.5,53.5,34.6,26.4,270,50.2,20,12.7
6.5,279.8,53.5,34.6,26.4,269.2,50.1,19.9,12.6
6.51666797,279,53.4,34.5,26.3,268.4,50.1,20,12.7
6.53333464,278.3,53.3,34.5,26.3,267.5,50,19.9,12.6
6.55000131,277.5,53.3,34.5,26.2,266.8,50,20,12.7
6.56666798,276.7,53.4,34.6,26.3,266,50,20,12.8
6.58333465,275.9,53.5,34.6,26.4,265.2,50,20.1,12.8
6.60000132,275.3,53.4,34.6,26.4,264.4,49.9,20,12.8
6.61666799,274.4,53.3,34.5,26.3,263.6,49.8,20,12.8
6.63333466,273.8,53.4,34.6,26.4,262.7,49.8,20,12.8
6.65000133,273,53.2,34.5,26.3,261.9,49.7,20,12.7
6.666668,272.3,53.2,34.5,26.3,261.1,49.6,19.9,12.7
6.68333467,271.6,53.2,34.6,26.4,260.3,49.5,19.9,12.7
6.70000134,270.9,53.1,34.5,26.4,259.6,49.3,19.8,12.6
6.71666801,270.2,53.1,34.6,26.4,258.7,49.3,19.8,12.6
6.73333468,269.5,53,34.5,26.2,258,49.2,19.7,12.6
6.75000135,269,52.9,34.4,26.1,257.1,49.2,19.7,12.6
6.76666802,268.3,52.8,34.3,25.9,256.4,49.1,19.7,12.6
6.78333469,267.4,53,34.4,26.1,255.6,49,19.7,12.5
6.80000136,267,52.8,34.4,26.1,254.9,48.8,19.7,12.5
6.81666803,266.3,52.7,34.4,26.1,254.1,48.8,19.6,12.5
6.8333347,265.6,52.7,34.3,26,253.3,48.6,19.5,12.4
6.85000137,264.8,52.6,34.3,26.1,252.5,48.5,19.5,12.4
6.86666804,264.1,52.5,34.3,26.2,251.8,48.4,19.4,12.4
6.88333471,263.4,52.5,34.3,26.3,251,48.3,19.4,12.3
6.90000138,262.6,52.3,34.3,26.2,250.3,48.3,19.4,12.4
6.91666805,261.9,52.3,34.3,26.2,249.5,48.2,19.4,12.4
6.93333472,261.2,52.2,34.2,26.2,248.8,48.1,19.4,12.4
6.95000139,260.5,52.2,34.3,26.2,248,47.9,19.2,12.2
6.96666806,259.8,52.2,34.4,26.4,247.3,47.8,19.2,12.2
6.98333473,259.2,52.1,34.4,26.4,246.6,47.7,19.2,12.2
7.0000014,258.4,52,34.4,26.5,245.8,47.6,19.1,12.2
7.01666807,257.8,52,34.5,26.5,246.8,45.8,19.1,12.2
7.03333474,257.1,51.9,34.5,26.6,246,45.8,19.1,12.2
7.05000141,256.3,51.8,34.5,26.5,245.2,45.9,19.1,12.2
7.06666808,255.6,51.8,34.5,26.6,244.2,45.8,18.9,12
7.08333475,254.9,51.6,34.4,26.5,243.5,45.9,19,12.1
7.10000142,254.2,51.5,34.5,26.6,242.9,45.6,18.9,12.1
7.11666809,253.6,51.5,34.5,26.6,242.1,45.5,18.9,12.1
7.13333476,252.9,51.4,34.5,26.6,241.4,45.5,18.8,11.9
7.15000143,252.2,51.4,34.5,26.6,240.6,45.5,18.9,12
7.1666681,251.6,51.3,34.4,26.5,239.8,45.3,18.7,11.9
7.18333477,250.9,51.2,34.4,26.5,239.1,45.3,18.7,11.9
7.20000144,250.2,51.1,34.4,26.5,238.4,45.3,18.7,12
7.21666811,249.5,51,34.3,26.4,237.7,45.3,18.8,12
7.23333478,248.9,51,34.3,26.4,237.1,45.1,18.7,12
7.25000145,248.2,50.9,34.2,26.3,236.4,44.9,18.7,11.8
7.26666812,247.6,50.9,34.2,26.2,235.8,44.5,18.6,11.8
7.28333479,247,50.8,34.1,26.1,235.5,44.2,18.6,11.8
7.30000146,246.4,50.8,34.1,26,234.5,44.3,18.6,11.8
7.31666813,245.8,50.8,33.9,25.8,233.8,44.5,18.6,11.9
7.3333348,245.3,50.8,33.9,25.7,233.1,44.5,18.7,12
7.35000147,244.8,50.8,33.9,25.7,232,44.7,18.6,11.9
7.36666814,244.2,50.8,33.9,25.6,231.2,44.7,18.5,11.8
7.38333481,243.7,50.8,33.9,25.7,230.5,44.7,18.5,11.9
7.40000148,243.1,50.8,33.8,25.7,229.8,44.7,18.5,11.9
7.41666815,242.5,50.8,33.8,25.6,229,44.6,18.5,11.8
7.43333482,242,50.9,33.8,25.6,228.3,44.7,18.5,11.9
7.45000149,241.3,50.8,33.7,25.6,227.7,44.6,18.5,11.9
7.46666816,240.7,50.7,33.7,25.6,226.9,44.5,18.4,11.8
7.48333483,240.1,50.7,33.8,25.6,226.3,44.4,18.4,11.8
7.5000015,239.5,50.7,33.8,25.7,225.6,44.3,18.4,11.8
7.51666817,239,50.7,33.8,25.7,224.8,44.2,18.3,11.7
7.53333484,238.3,50.6,33.7,25.6,223.8,44.4,18.3,11.7
7.55000151,237.7,50.5,33.8,25.7,222.7,44.8,18.3,11.7
7.56666818,237.1,50.6,33.7,25.6,221.8,44.9,18.2,11.7
7.58333485,236.5,50.4,33.7,25.6,221,44.9,18.1,11.6
7.60000152,235.9,50.4,33.7,25.6,220.4,44.9,18.1,11.6
7.61666819,235.3,50.3,33.7,25.7,219.7,44.9,18.2,11.7
7.63333486,234.7,50.3,33.7,25.8,219,44.9,18.2,11.7
7.65000153,234.1,50.3,33.8,25.8,218.2,45,18.1,11.7
7.6666682,233.4,50.1,33.7,25.8,217.5,45,18.1,11.7
7.68333487,232.9,50.2,33.8,25.9,216.8,44.9,18.1,11.6
7.70000154,232.2,50.1,33.7,25.9,216.1,44.8,18.1,11.6
7.71666821,231.6,50,33.8,26,215.3,44.7,17.9,11.4
7.73333488,231,49.9,33.8,26.1,214.7,44.6,17.8,11.4
7.75000155,230.4,49.8,33.8,26.1,213.9,44.5,17.7,11.4
7.76666822,229.8,49.7,33.8,26.2,213.2,44.6,17.7,11.4
7.78333489,229.1,49.6,33.8,26.2,212.6,44.6,17.8,11.4
7.80000156,228.5,49.5,33.9,26.3,212,44.5,17.8,11.4
7.81666823,227.8,49.4,33.8,26.2,211.3,44.4,17.7,11.3
7.8333349,227.3,49.3,33.8,26.2,210.7,44.4,17.8,11.4
7.85000157,226.7,49.2,33.9,26.3,210,44.2,17.6,11.3
7.86666824,226.1,49.2,33.8,26.3,209.4,44.3,17.6,11.3
7.88333491,225.5,49.1,33.8,26.3,208.7,44.3,17.6,11.3
7.90000158,224.9,49.1,33.8,26.3,208.1,44.3,17.6,11.4
7.91666825,224.3,49,33.8,26.3,207.5,44.1,17.6,11.3
7.93333492,223.7,49,33.8,26.4,206.8,44,17.4,11.2
7.95000159,223.2,48.9,33.8,26.3,206.2,43.9,17.4,11.2
7.96666826,222.6,48.8,33.8,26.4,205.6,43.7,17.4,11.2
7.98333493,222,48.7,33.7,26.4,204.9,43.6,17.2,11.1
8.0000016,221.4,48.6,33.7,26.3,204.3,43.5,17.3,11.1
8.01666827,220.8,48.5,33.7,26.3,203.7,43.4,17.2,11
8.03333494,220.3,48.5,33.6,26.2,203.1,43.4,17.2,11.1
8.05000161,219.8,48.5,33.8,26.4,202.6,43.3,17.2,11.1
8.06666828,219.2,48.4,33.8,26.4,202,43.1,17.1,11
8.08333495,218.7,48.3,33.7,26.3,201.4,43.1,17.1,11
8.10000162,218.1,48.4,33.8,26.5,200.9,43,17.1,11
8.11666829,217.6,48.2,33.7,26.3,200.3,43,17.1,11.1
8.13333496,217.1,48.3,33.8,26.5,199.8,43,17.1,11.1
8.15000163,216.5,48.5,34,26.6,199.1,42.9,17.1,11.1
8.1666683,216.1,48.8,34.3,27,198.5,42.8,17,11
8.18333497,215.4,48.1,33.7,26.5,197.9,42.6,16.9,10.9
8.20000164,214.9,48.1,33.8,26.5,197.2,42.5,16.9,10.9
8.21666831,214.4,48.1,33.8,26.5,196.7,42.4,16.9,10.9
8.23333498,213.9,48.1,33.8,26.6,196.1,42.4,16.9,10.9
8.25000165,213.3,48,33.7,26.5,195.6,42.3,16.8,10.9
8.26666832,212.7,47.9,33.7,26.5,195,42.2,16.7,10.9
8.28333499,212.2,47.7,33.6,26.4,194.4,42.1,16.7,10.9
8.30000166,211.7,47.7,33.6,26.4,193.9,42,16.7,10.9
8.31666833,211.1,47.5,33.4,26.3,193.3,41.9,16.7,10.8
8.333335,210.6,47.5,33.5,26.3,192.7,41.9,16.7,10.8
8.35000167,210.1,47.5,33.5,26.3,192.2,41.7,16.6,10.8
8.36666834,209.6,47.4,33.4,26.3,191.6,41.6,16.6,10.7
8.38333501,209.1,47.3,33.4,26.3,191,41.4,16.4,10.6
8.40000168,208.5,47.3,33.4,26.3,190.5,41.5,16.6,10.7
8.41666835,208,47.2,33.4,26.3,190,41.5,16.6,10.9
8.43333502,207.5,47.2,33.4,26.3,189.4,41.5,16.6,10.8
8.45000169,207,47.1,33.3,26.2,188.8,41.3,16.5,10.7
8.46666836,206.5,47,33.3,26.2,188.3,41.3,16.4,10.7
8.48333503,206,47,33.3,26.2,187.7,41.1,16.3,10.6
8.5000017,205.6,47.2,33.5,26.4,187.1,41,16.3,10.6
8.51666837,205.1,47.2,33.6,26.6,186.6,40.9,16.3,10.5
8.53333504,204.6,47.2,33.5,26.5,186,40.7,16.1,10.5
8.55000171,204,46.9,33.4,26.4,185.5,40.6,16.1,10.4
8.56666838,203.6,47.1,33.5,26.5,184.9,40.5,16,10.3
8.58333505,203.1,46.9,33.3,26.4,184.4,40.4,15.9,10.3
8.60000172,202.6,46.9,33.5,26.5,183.8,40.2,15.9,10.3
8.61666839,196.1,53.3,33.3,26.4,183.3,40.2,15.9,10.3
8.63333506,195.4,53.6,33.4,26.4,182.5,39.9,16.1,10.3
8.65000173,194.9,53.6,33.4,26.4,182.3,39.9,15.7,10.2
8.6666684,189.3,59.4,33.4,26.5,181.7,39.9,15.7,10.2
8.68333507,200.2,46.6,33.3,26.4,181.1,39.7,15.6,10.1
8.70000174,199.7,46.7,33.4,26.4,180.6,39.5,15.5,10
8.71666841,199.2,46.6,33.3,26.4,180.1,39.4,15.5,9.9
8.73333508,198.8,46.5,33.3,26.4,179.6,39.3,15.5,10
8.75000175,198.3,46.6,33.3,26.4,179.1,39.3,15.5,10
8.76666842,197.5,46.5,33.3,26.4,178.5,39.2,15.4,10
8.78333509,197.5,46.6,33.4,26.5,178,39,15.3,9.8
8.80000176,196.9,46.4,33.2,26.3,177.4,38.9,15.2,9.8
8.81666843,196.4,46.4,33.3,26.4,176.9,38.9,15.2,9.8
8.8333351,196,46.4,33.3,26.5,176.4,38.8,15.2,9.8
8.85000177,195.5,46.1,33.1,26.3,175.8,38.7,15.1,9.6
8.86666844,195,46,33,26.2,175.3,38.6,15,9.6
8.88333511,194.2,46.1,33,26.3,174.9,38.6,15.1,9.8
8.90000178,193.9,46.2,33.2,26.3,174.3,38.6,15,9.6
8.91666845,193.3,45.8,32.8,26.1,173.8,38.5,15,9.7
8.93333512,192.8,45.7,32.8,26.1,173.4,38.6,15.1,9.8
8.95000179,192.3,45.4,32.6,25.8,172.9,38.3,15,9.7
8.96666846,191.9,45.4,32.6,25.8,172.2,38.4,15,9.6
8.98333513,191.5,45.4,32.6,25.9,171.6,38.3,14.9,9.6
9.0000018,191.1,45.6,32.8,26.1,171.2,38.2,14.9,9.7
9.01666847,190.5,45.4,32.6,25.9,170.7,38.2,14.9,9.7
9.03333514,190.1,45.2,32.5,25.8,170.1,38.1,14.8,9.6
9.05000181,189.6,45.2,32.5,25.8,169.7,38.1,14.9,9.6
9.06666848,189.2,45.2,32.6,25.9,169.2,38.1,14.9,9.6
9.08333515,188.9,45.3,32.7,26.1,168.6,37.9,14.7,9.5
9.10000182,188.4,45.3,32.8,26.1,167.8,37.3,14.3,9.2
9.11666849,188,45.3,32.7,26.1,167.4,37.7,14.5,9.3
9.13333516,187.6,45.3,32.8,26.1,166.8,37.6,14.3,9.2
9.15000183,187,45.2,32.7,26,166.3,37.7,14.4,9.3
9.1666685,186.5,45.2,32.7,26.1,165.7,37.5,14.3,9.1
9.18333517,186.1,45.1,32.6,26,165.1,37.4,14.2,9.1
9.20000184,185.6,44.9,32.5,25.9,164.7,37.3,14.2,9.1
9.21666851,185.3,44.9,32.5,25.9,164.3,37.5,14.3,9.2
9.23333518,184.7,44.7,32.4,25.8,163.7,37.3,14.2,9.2
9.25000185,184.4,44.9,32.5,26,163.3,37.2,14.2,9.2
9.26666852,183.9,44.6,32.3,25.8,162.9,37.3,14.2,9.3
9.28333519,183.5,44.6,32.3,25.8,162.3,37.1,14,9.1
9.30000186,183.1,44.7,32.5,26,161.8,37.1,14,9.1
9.31666853,182.7,44.7,32.5,26,161.3,37.3,14.2,9.2
9.3333352,182.3,44.8,32.6,26.1,160.6,37.2,14.1,9
9.35000187,181.7,44.5,32.4,25.9,160,37.1,13.9,8.9
9.36666854,181.4,44.5,32.4,26,159.6,37,13.9,9
9.38333521,180.8,44.1,32.1,25.6,159,37.2,13.9,9
9.40000188,180.4,44.1,32,25.6,158.6,37,13.9,9
9.41666855,180,44.1,32.1,25.7,158.1,37,13.9,9
9.43333522,179.6,44,32,25.6,157.6,36.8,13.7,8.9
9.45000189,179.1,44,32,25.6,157.2,36.8,13.7,9
9.46666856,178.7,43.9,31.9,25.6,156.7,36.8,13.7,8.9
9.48333523,178.3,43.8,31.9,25.6,156.3,36.6,13.7,8.9
9.5000019,177.9,43.8,31.9,25.6,155.9,36.6,13.8,8.9
9.51666857,177.5,43.8,31.9,25.6,155.5,36.5,13.7,8.9
9.53333524,177.1,43.7,31.9,25.6,154.9,36.2,13.5,8.7
9.55000191,176.6,43.6,31.8,25.5,154.6,36.3,13.6,8.9
9.56666858,176.2,43.6,31.8,25.5,154.2,36.4,13.7,9
9.58333525,175.8,43.5,31.8,25.5,153.6,36.1,13.5,8.7
9.60000192,175.4,43.5,31.8,25.5,153.3,36.1,13.6,8.8
9.61666859,175.1,43.4,31.8,25.5,152.8,36,13.5,8.8
9.63333526,174.7,43.4,31.8,25.5,152.5,36.1,13.6,8.9
9.65000193,174.3,43.4,31.8,25.5,152,35.8,13.4,8.7
,,,,,,,,
,,,,,,,,
,,,,,,,,
,,,,,,,,
,,,,,,,,
,,,,,,,,
,,,,,,,,
,,,,,,,,
,,,,,,,,
,,,,,,,,
,,,,,,,,
,,,,,,,,
,,,,,,,,
,,,,,,,,
,,,,,,,,
,,,,,,,,
,,,,,,,,
,,,,,,,,
,,,,,,,,
,,,,,,,,
,,,,,,,,
,,,,,,,,
,,,,,,,,
,,,,,,,,
,,,,,,,,
,,,,,,,,
,,,,,,,,
,,,,,,,,
,,,,,,,,
,,,,,,,,
,,,,,,,,
,,,,,,,,
,,,,,,,,
,,,,,,,,
,,,,,,,,
,,,,,,,,
,,,,,,,,
,,,,,,,,
,,,,,,,,
,,,,,,,,
,,,,,,,,
,,,,,,,,
,,,,,,,,
,,,,,,,,
,,,,,,,,
,,,,,,,,
,,,,,,,,
,,,,,,,,
,,,,,,,,
,,,,,,,,
,,,,,,,,
,,,,,,,,
,,,,,,,,
,,,,,,,,
,,,,,,,,
,,,,,,,,
,,,,,,,,
,,,,,,,,
,,,,,,,,
,,,,,,,,
,,,,,,,,
,,,,,,,,
,,,,,,,,
,,,,,,,,
,,,,,,,,
,,,,,,,,
,,,,,,,,
,,,,,,,,
,,,,,,,,
,,,,,,,,
,,,,,,,,
,,,,,,,,
,,,,,,,,
,,,,,,,,
,,,,,,,,
,,,,,,,,
,,,,,,,,
,,,,,,,,
,,,,,,,,
,,,,,,,,
,,,,,,,,
,,,,,,,,
,,,,,,,,
,,,,,,,,
,,,,,,,,
,,,,,,,,
,,,,,,,,
,,,,,,,,
,,,,,,,,
,,,,,,,,
,,,,,,,,
,,,,,,,,
,,,,,,,,
,,,,,,,,
,,,,,,,,
,,,,,,,,
,,,,,,,,
,,,,,,,,
,,,,,,,,
,,,,,,,,
,,,,,,,,
,,,,,,,,
,,,,,,,,
,,,,,,,,
,,,,,,,,
,,,,,,,,
,,,,,,,,
,,,,,,,,
,,,,,,,,
,,,,,,,,
,,,,,,,,
,,,,,,,,
,,,,,,,,
,,,,,,,,
,,,,,,,,
,,,,,,,,
,,,,,,,,
,,,,,,,,
,,,,,,,,
,,,,,,,,
,,,,,,,,
,,,,,,,,
,,,,,,,,
,,,,,,,,
,,,,,,,,
,,,,,,,,
,,,,,,,,
,,,,,,,,
,,,,,,,,
,,,,,,,,
,,,,,,,,
,,,,,,,,
,,,,,,,,
,,,,,,,,
,,,,,,,,
,,,,,,,,
,,,,,,,,
,,,,,,,,
,,,,,,,,
,,,,,,,,